tmp_lot_id,lot_turns,EUV_3300,EUV_3400,year,jpn_ytd,,,,,,,,
AX002635,325,0,40.17,2018-12-01,FY56,,,,,,,,
AX121328,4,0,0,2019-01-01,FY56,,,,,,,,
AX319441,1,0,0,2019-01-01,FY56,,,,,,,,
AX907812,11,0,1.19,2022-01-01,FY59,,,,,,,,
AX008680,7,0,0,2022-09-01,FY60,,,,,,,,
AX319440,4,0,0,2019-01-01,FY56,,,,,,,,
AX332812,7,0,0,2022-09-01,FY60,,,,,,,,
AX409220,5,0,0,2019-01-01,FY56,,,,,,,,
AX907891,8.36,0,0,2022-10-01,FY60,,,,,,,,
AX908607,8.36,0,0,2022-11-01,FY60,,,,,,,,
AX115240,3,0,0,2019-01-01,FY56,,,,,,,,
AX104991,0,11.03,0,2019-01-01,FY56,,,,,,,,
AX214093,4,0,0,2022-12-01,FY60,,,,,,,,
AX214094,35,0,0,2019-01-01,FY56,,,,,,,,
AX216589,3,0,0,2019-01-01,FY56,,,,,,,,
AX001264,5,3.71,0,2019-01-01,FY56,,,,,,,,
AX315794,5,0,0,2022-12-01,FY60,,,,,,,,
AX405966,0,0.87,0,2019-01-01,FY56,,,,,,,,
AX409172,25,0,0,2019-01-01,FY56,,,,,,,,
AX444648,0,0.41,0,2019-01-01,FY56,,,,,,,,
AX008679,0,2.61,0,2019-01-01,FY56,,,,,,,,
AX911918,0,1.98,0,2019-01-01,FY56,,,,,,,,
AX224401,8.36,0,0,2023-01-01,FY60,,,,,,,,
AX231341,3,0,0,2019-02-01,FY56,,,,,,,,
AX902093,8,0,0,2019-02-01,FY56,,,,,,,,
AX902154,6,0,0,2019-02-01,FY56,,,,,,,,
AX904946,4,0,0,2019-02-01,FY56,,,,,,,,
AX904945,3,2.03,0,2019-02-01,FY56,,,,,,,,
AX904901,2,3.57,0,2019-02-01,FY56,,,,,,,,
AX907555,9,0,0,2019-02-01,FY56,,,,,,,,
AX907814,8.36,0,0,2023-01-01,FY60,,,,,,,,
AX907558,5,0,0,2023-02-01,FY60,,,,,,,,
AX909385,6,0,0,2019-02-01,FY56,,,,,,,,
AX911919,2,0,0,2019-02-01,FY56,,,,,,,,
AX913416,18,0,0,2019-02-01,FY56,,,,,,,,
AX913417,0,1.33,0,2019-02-01,FY56,,,,,,,,
AX000671,5,0,0,2023-02-01,FY60,,,,,,,,
AX000670,13.36,0,0,2023-02-01,FY60,,,,,,,,
AX000672,1,0,0,2019-02-01,FY56,,,,,,,,
AX000673,0,9.73,0,2019-02-01,FY56,,,,,,,,
AX914446,1,0,0,2019-02-01,FY56,,,,,,,,
AX001659,9,0,0,2019-02-01,FY56,,,,,,,,
AX001653,1,0,0,2023-02-01,FY60,,,,,,,,
AX000674,1,0,0,2019-03-01,FY56,,,,,,,,
AX001660,18,0,0,2019-03-01,FY56,,,,,,,,
AX001658,5,0,0,2019-03-01,FY56,,,,,,,,
AX001657,14,0,0,2019-03-01,FY56,,,,,,,,
AX001655,1,0,0,2023-03-01,FY60,,,,,,,,
AX001656,0,0.31,0,2019-03-01,FY56,,,,,,,,
AX001654,0,0.35,0,2019-03-01,FY56,,,,,,,,
AX100446,3,0,0,2023-03-01,FY60,,,,,,,,
AX100445,7,0,0,2019-03-01,FY56,,,,,,,,
AX100447,8,0,0,2019-03-01,FY56,,,,,,,,
AX100448,7,0,0,2019-03-01,FY56,,,,,,,,
AX102477,1,0,0,2023-03-01,FY60,,,,,,,,
AX102478,5,1.71,0,2019-03-01,FY56,,,,,,,,
AX100450,1,0,0,2019-03-01,FY56,,,,,,,,
AX100449,5,0,0,2019-03-01,FY56,,,,,,,,
AX102479,3,0.85,0,2019-03-01,FY56,,,,,,,,
AX109136,2,1.73,0,2019-03-01,FY56,,,,,,,,
AX109139,16,0,0,2019-03-01,FY56,,,,,,,,
AX115285,30,0,0,2019-03-01,FY56,,,,,,,,
AX109141,5,0,0,2019-03-01,FY56,,,,,,,,
AX112930,0,1.19,0,2019-03-01,FY56,,,,,,,,
AX201247,11,0,0,2019-03-01,FY56,,,,,,,,
AX201246,1,0,0,2019-03-01,FY56,,,,,,,,
AX211893,1,0,0,2019-03-01,FY56,,,,,,,,
AX220523,3,0,0,2023-03-01,FY60,,,,,,,,
AX225954,2,0,0,2019-03-01,FY56,,,,,,,,
AX115675,5,0,0,2019-03-01,FY56,,,,,,,,
AX323501,2,0.72,0,2019-03-01,FY56,,,,,,,,
AX323502,1,0,0,2019-03-01,FY56,,,,,,,,
AX907894,2,0,0,2019-03-01,FY56,,,,,,,,
AX908507,2,0,0,2023-04-01,FY61,,,,,,,,
AX000675,0,0.89,0,2019-03-01,FY56,,,,,,,,
AX001661,0,2.77,0,2019-03-01,FY56,,,,,,,,
AX001662,2,0,0,2019-03-01,FY56,,,,,,,,
AX109137,0,0.42,0,2019-03-01,FY56,,,,,,,,
AX109138,8.36,0,0,2023-04-01,FY61,,,,,,,,
AX116271,13,0,0,2019-04-01,FY57,,,,,,,,
AX124541,2,0,0,2023-04-01,FY61,,,,,,,,
AX125329,11.36,0,0,2023-04-01,FY61,,,,,,,,
AX203598,2,0,0,2019-04-01,FY57,,,,,,,,
AX212649,8,0,0,2019-04-01,FY57,,,,,,,,
AX212648,25,0,0,2019-04-01,FY57,,,,,,,,
AX211894,3,0,0,2019-04-01,FY57,,,,,,,,
AX215813,3,1.1,0,2019-04-01,FY57,,,,,,,,
AX215814,3,0.23,0,2019-04-01,FY57,,,,,,,,
AX220524,3,0.98,0,2019-04-01,FY57,,,,,,,,
AX225956,7,0,0,2019-04-01,FY57,,,,,,,,
AX225953,3,0,0,2023-05-01,FY61,,,,,,,,
AX225957,6,0,0,2019-04-01,FY57,,,,,,,,
AX225955,17,0,0,2019-04-01,FY57,,,,,,,,
AX231345,7,0,0,2019-04-01,FY57,,,,,,,,
AX231344,5,1.46,0,2019-04-01,FY57,,,,,,,,
AX231343,0,3.68,0,2019-04-01,FY57,,,,,,,,
AX231342,1,0,0,2023-05-01,FY61,,,,,,,,
AX316450,8.36,0,0,2023-06-01,FY61,,,,,,,,
AX316448,2,0.84,0,2019-04-01,FY57,,,,,,,,
AX316447,0,7.51,0,2019-04-01,FY57,,,,,,,,
AX316449,1,0,0,2019-04-01,FY57,,,,,,,,
AX316454,1,0.7,0,2019-04-01,FY57,,,,,,,,
AX316452,4,1.21,0,2019-04-01,FY57,,,,,,,,
AX316453,4,0,0,2019-04-01,FY57,,,,,,,,
AX316451,1,0,0,2019-04-01,FY57,,,,,,,,
AX316446,8,0,0,2019-04-01,FY57,,,,,,,,
AX349275,3,0,0,2019-04-01,FY57,,,,,,,,
AX349274,2,0,0,2019-04-01,FY57,,,,,,,,
AX349273,6,0,0,2019-04-01,FY57,,,,,,,,
AX349272,2,0,0,2019-04-01,FY57,,,,,,,,
AX349270,7,0,0,2019-04-01,FY57,,,,,,,,
AX349269,1,0,0,2023-06-01,FY61,,,,,,,,
AX349268,3,0,0,2019-04-01,FY57,,,,,,,,
AX349267,3,0,0,2019-05-01,FY57,,,,,,,,
AX349266,1,0,0,2023-06-01,FY61,,,,,,,,
AX361061,1,0,0,2019-05-01,FY57,,,,,,,,
AX422514,5,0,0,2019-05-01,FY57,,,,,,,,
AX422516,2,0,0,2019-05-01,FY57,,,,,,,,
AX422517,4,0,0,2019-05-01,FY57,,,,,,,,
AX422518,7,0,0,2019-05-01,FY57,,,,,,,,
AX422519,1,0,0,2023-06-01,FY61,,,,,,,,
AX422513,11,0,0,2019-05-01,FY57,,,,,,,,
AX422515,7,0,0,2019-05-01,FY57,,,,,,,,
AX422521,2,0,0,2023-06-01,FY61,,,,,,,,
AX422520,1,1.72,0,2019-05-01,FY57,,,,,,,,
AX910786,8,0,0,2019-05-01,FY57,,,,,,,,
AX123884,0,1.2,0,2019-05-01,FY57,,,,,,,,
AX203599,11,0,0,2019-05-01,FY57,,,,,,,,
AX006911,4,0,0,2019-05-01,FY57,,,,,,,,
AX012652,8.36,0,0,2023-06-01,FY61,,,,,,,,
AX014129,4,0,0,2019-05-01,FY57,,,,,,,,
AX101954,0,0.11,0,2019-05-01,FY57,,,,,,,,
AX105030,0,0.11,0,2019-05-01,FY57,,,,,,,,
AX117547,2,0,0,2019-05-01,FY57,,,,,,,,
AX907789,11,0,0,2019-05-01,FY57,,,,,,,,
AX201800,0,0.23,0,2019-05-01,FY57,,,,,,,,
AX913055,0,0.85,0,2019-05-01,FY57,,,,,,,,
AX907953,2,0,0,2019-05-01,FY57,,,,,,,,
AX909749,7,0,0,2019-05-01,FY57,,,,,,,,
AX913556,0,6.32,0,2019-05-01,FY57,,,,,,,,
AX904903,2,0,0,2023-07-01,FY61,,,,,,,,
AX906056,1,0,0,2019-05-01,FY57,,,,,,,,
AX912742,2,0,0,2023-07-01,FY61,,,,,,,,
AX002339,2,0,0,2019-06-01,FY57,,,,,,,,
AX811660,1,0.9,0,2019-06-01,FY57,,,,,,,,
AX910239,8.36,0,0,2023-07-01,FY61,,,,,,,,
AX913559,2.7,0,0,2023-07-01,FY61,,,,,,,,
AX912647,5,0,0,2019-06-01,FY57,,,,,,,,
AX004875,8.36,0,0,2023-07-01,FY61,,,,,,,,
AX005857,2,0,0,2019-06-01,FY57,,,,,,,,
AX009943,1,0,0,2023-08-01,FY61,,,,,,,,
AX103408,2,0,0,2019-06-01,FY57,,,,,,,,
AX118800,0,0.51,0,2019-06-01,FY57,,,,,,,,
AX202283,1,0,0,2023-08-01,FY61,,,,,,,,
AX440349,3,0,0,2019-06-01,FY57,,,,,,,,
AX004025,1,0,0,2019-06-01,FY57,,,,,,,,
AX004041,2,0,0,2019-06-01,FY57,,,,,,,,
AX004699,8,0,0,2019-06-01,FY57,,,,,,,,
AX004700,1,0,0,2023-08-01,FY61,,,,,,,,
AX446369,1,0,0,2023-09-01,FY61,,,,,,,,
AX439001,3,0,0,2019-06-01,FY57,,,,,,,,
AX444653,4,0,0,2019-06-01,FY57,,,,,,,,
AX001857,8.36,0,0,2023-09-01,FY61,,,,,,,,
AX909392,3,0,0,2019-06-01,FY57,,,,,,,,
AX126191,17,0,0,2019-06-01,FY57,,,,,,,,
AX446371,0,0.49,0,2019-06-01,FY57,,,,,,,,
AX411825,3,0,0,2023-09-01,FY61,,,,,,,,
AX230826,3,0,0,2019-06-01,FY57,,,,,,,,
AX306769,1,1.26,0,2019-06-01,FY57,,,,,,,,
AX211952,7,0,0,2019-06-01,FY57,,,,,,,,
AX218833,1,0,0,2019-06-01,FY57,,,,,,,,
AX109446,11,0,0,2019-06-01,FY57,,,,,,,,
AX213399,3,0,0,2019-06-01,FY57,,,,,,,,
AX227761,1,2.17,0,2019-06-01,FY57,,,,,,,,
AX304029,5,0,0,2019-06-01,FY57,,,,,,,,
AX306578,4,0,0,2019-06-01,FY57,,,,,,,,
AX306455,1,2.23,0,2019-06-01,FY57,,,,,,,,
AX336858,2,0,0,2019-06-01,FY57,,,,,,,,
AX335947,1,2.05,0,2019-06-01,FY57,,,,,,,,
AX335948,3,0,0,2019-06-01,FY57,,,,,,,,
AX335949,0,15.38,0,2019-06-01,FY57,,,,,,,,
AX413155,1,0,0,2019-07-01,FY57,,,,,,,,
AX407804,1,0.84,0,2019-07-01,FY57,,,,,,,,
AX902599,20,0,0,2019-07-01,FY57,,,,,,,,
AX202282,7,0,0,2019-07-01,FY57,,,,,,,,
AX913593,4,0,0,2019-07-01,FY57,,,,,,,,
AX913555,6,1.8,0,2019-07-01,FY57,,,,,,,,
AX112956,1,0,0,2023-10-01,FY61,,,,,,,,
AX007811,4,0,0,2019-07-01,FY57,,,,,,,,
AX439858,4,0,0,2019-07-01,FY57,,,,,,,,
AX907782,5,0,0,2019-07-01,FY57,,,,,,,,
AX907924,5,1.7,0,2019-07-01,FY57,,,,,,,,
AX910225,2,0,0,2019-07-01,FY57,,,,,,,,
AX913133,4,0,0,2019-07-01,FY57,,,,,,,,
AX913462,9,0,0,2019-07-01,FY57,,,,,,,,
AX000630,1,0,0,2019-07-01,FY57,,,,,,,,
AX014396,2,0,0,2019-07-01,FY57,,,,,,,,
AX013924,6,0,0,2019-07-01,FY57,,,,,,,,
AX015032,2.36,0,0,2023-10-01,FY61,,,,,,,,
AX101588,10.36,0,0,2023-11-01,FY61,,,,,,,,
AX100238,11,0,0,2019-07-01,FY57,,,,,,,,
AX123274,2,0,0,2019-07-01,FY57,,,,,,,,
AX200961,2,0,0,2019-07-01,FY57,,,,,,,,
AX211006,8,1.59,0,2019-07-01,FY57,,,,,,,,
AX211005,1,0.57,0,2019-07-01,FY57,,,,,,,,
AX211004,5,0,0,2019-07-01,FY57,,,,,,,,
AX215616,1,0,0,2023-11-01,FY61,,,,,,,,
AX214228,2,0,0,2019-07-01,FY57,,,,,,,,
AX215614,10,0,0,2023-11-01,FY61,,,,,,,,
AX215612,7,0,0,2019-07-01,FY57,,,,,,,,
AX213855,0,4.26,0,2019-07-01,FY57,,,,,,,,
AX213854,2,0,0,2023-12-01,FY61,,,,,,,,
AX213851,1,0,0,2023-12-01,FY61,,,,,,,,
AX214229,5,0,0,2019-07-01,FY57,,,,,,,,
AX215858,2,1.1,0,2019-07-01,FY57,,,,,,,,
AX217794,1,0,0,2024-01-01,FY61,,,,,,,,
AX217795,9,0,0,2019-07-01,FY57,,,,,,,,
AX215857,5,1.94,0,2019-08-01,FY57,,,,,,,,
AX215856,2,0,0,2024-01-01,FY61,,,,,,,,
AX217796,4,0,0,2019-08-01,FY57,,,,,,,,
AX219558,1,0,0,2024-01-01,FY61,,,,,,,,
AX219555,6,0.88,0,2019-08-01,FY57,,,,,,,,
AX219556,4,0,0,2019-08-01,FY57,,,,,,,,
AX219557,5,0,0,2019-08-01,FY57,,,,,,,,
AX222282,8,3.13,0,2019-08-01,FY57,,,,,,,,
AX222283,4,0,0,2019-08-01,FY57,,,,,,,,
AX222284,9,0,0,2019-08-01,FY57,,,,,,,,
AX222285,4,0,0,2019-08-01,FY57,,,,,,,,
AX223749,4,2.05,0,2019-08-01,FY57,,,,,,,,
AX223748,10,0,0,2019-08-01,FY57,,,,,,,,
AX223747,2,0,0,2019-08-01,FY57,,,,,,,,
AX222839,4,0,0,2019-08-01,FY57,,,,,,,,
AX222838,5,0,0,2019-08-01,FY57,,,,,,,,
AX226775,4,1.04,0,2019-08-01,FY57,,,,,,,,
AX226774,40,0,0,2019-08-01,FY57,,,,,,,,
AX226777,22,0,0,2019-08-01,FY57,,,,,,,,
AX226780,2,0,0,2019-08-01,FY57,,,,,,,,
AX226779,1,0,0,2024-02-01,FY61,,,,,,,,
AX231645,6,0,0,2019-08-01,FY57,,,,,,,,
AX231646,10,0,0,2019-08-01,FY57,,,,,,,,
AX229968,8,3.5,0,2019-08-01,FY57,,,,,,,,
AX229967,9,0,0,2019-08-01,FY57,,,,,,,,
AX230820,2,0,0,2019-08-01,FY57,,,,,,,,
AX232881,6,0,0,2019-08-01,FY57,,,,,,,,
AX230821,4,0,0,2019-08-01,FY57,,,,,,,,
AX230822,1,0,0,2019-08-01,FY57,,,,,,,,
AX232880,2,1,0,2019-08-01,FY57,,,,,,,,
AX302968,1,0,0,2019-08-01,FY57,,,,,,,,
AX302967,0,0.14,0,2019-08-01,FY57,,,,,,,,
AX301782,2,0,0,2019-08-01,FY57,,,,,,,,
AX301781,1,0,0,2019-08-01,FY57,,,,,,,,
AX301780,1,0,0,2019-08-01,FY57,,,,,,,,
AX300089,3,0,0,2019-08-01,FY57,,,,,,,,
AX300088,15,0,0,2019-08-01,FY57,,,,,,,,
AX306572,1,0,0,2019-08-01,FY57,,,,,,,,
AX306576,2,5.47,0,2019-08-01,FY57,,,,,,,,
AX309801,3,0,0,2019-08-01,FY57,,,,,,,,
AX309802,0,1.7,0,2019-08-01,FY57,,,,,,,,
AX309800,15,2.2,0,2019-09-01,FY57,,,,,,,,
AX309799,5,0,0,2019-09-01,FY57,,,,,,,,
AX313821,1,0,0,2024-03-01,FY61,,,,,,,,
AX322471,4,0,0,2019-09-01,FY57,,,,,,,,
AX323328,10,2.88,0,2019-09-01,FY57,,,,,,,,
AX323332,5,2.52,0,2019-09-01,FY57,,,,,,,,
AX323334,6,2.85,0,2019-09-01,FY57,,,,,,,,
AX323335,7,2.33,0,2019-09-01,FY57,,,,,,,,
AX321915,4,0,0,2019-09-01,FY57,,,,,,,,
AX321917,8,0,0,2019-09-01,FY57,,,,,,,,
AX321919,3,3.34,0,2019-09-01,FY57,,,,,,,,
AX328262,7,2.74,0,2019-09-01,FY57,,,,,,,,
AX328265,2,0,0,2019-09-01,FY57,,,,,,,,
AX328261,27,0,0,2019-09-01,FY57,,,,,,,,
AX323331,10,0.19,0,2019-09-01,FY57,,,,,,,,
AX323333,5,0,0,2019-09-01,FY57,,,,,,,,
AX340402,4,0,0,2019-09-01,FY57,,,,,,,,
AX337846,10,2.07,0,2019-09-01,FY57,,,,,,,,
AX340404,7,3.48,0,2019-09-01,FY57,,,,,,,,
AX340403,20,0,0,2019-09-01,FY57,,,,,,,,
AX333166,5,0.53,0,2019-09-01,FY57,,,,,,,,
AX333165,12,5.41,0,2019-09-01,FY57,,,,,,,,
AX333163,2,0,0,2019-09-01,FY57,,,,,,,,
AX345414,7,2.7,0,2019-09-01,FY57,,,,,,,,
AX344639,2,0,0,2019-09-01,FY57,,,,,,,,
AX344638,1,0.93,0,2019-09-01,FY57,,,,,,,,
AX344637,1,0,0,2019-09-01,FY57,,,,,,,,
AX344636,12,5.39,0,2019-09-01,FY57,,,,,,,,
AX344635,3,0,0,2019-09-01,FY57,,,,,,,,
AX344634,0,0,0.06,2019-09-01,FY57,,,,,,,,
AX345415,1,2.15,0,2019-09-01,FY57,,,,,,,,
AX347504,0,5.43,0,2019-09-01,FY57,,,,,,,,
AX347503,8,4.05,0,2019-09-01,FY57,,,,,,,,
AX357820,1,0,0,2019-09-01,FY57,,,,,,,,
AX355452,7,0,0,2019-09-01,FY57,,,,,,,,
AX357821,3,0,0,2019-09-01,FY57,,,,,,,,
AX361759,20,4.85,0,2019-09-01,FY57,,,,,,,,
AX364733,4,0,0,2019-09-01,FY57,,,,,,,,
AX419989,0,1.95,0,2019-09-01,FY57,,,,,,,,
AX415829,7,0,0,2019-10-01,FY57,,,,,,,,
AX415830,7,0,0,2019-10-01,FY57,,,,,,,,
AX438610,2,0,0,2019-10-01,FY57,,,,,,,,
AX007705,1,0,0,2019-10-01,FY57,,,,,,,,
AX218736,2,0,0,2019-10-01,FY57,,,,,,,,
AX218737,2,0,0,2019-10-01,FY57,,,,,,,,
AX335958,7,0,0,2019-10-01,FY57,,,,,,,,
AX335957,1,0,0,2019-10-01,FY57,,,,,,,,
AX330651,7,0,0,2019-10-01,FY57,,,,,,,,
AX359514,1,0,0,2019-10-01,FY57,,,,,,,,
AX811657,5,0,0,2024-03-01,FY61,,,,,,,,
AX811659,3,0.1,0,2019-10-01,FY57,,,,,,,,
AX811666,3,0,0,2019-10-01,FY57,,,,,,,,
AX903085,4,0,0,2019-10-01,FY57,,,,,,,,
AX903084,11,0,0,2019-10-01,FY57,,,,,,,,
AX906053,1,0.12,0,2019-10-01,FY57,,,,,,,,
AX906795,5,0,0,2019-10-01,FY57,,,,,,,,
AX906052,2,0,0,2019-10-01,FY57,,,,,,,,
AX908076,5,0,0,2019-10-01,FY57,,,,,,,,
AX908077,0,0.17,0,2019-10-01,FY57,,,,,,,,
AX912831,5,0.35,0,2019-10-01,FY57,,,,,,,,
AX912743,12,0,0,2019-10-01,FY57,,,,,,,,
AX002191,10,0,0,2019-10-01,FY57,,,,,,,,
AX001637,1,0,0,2024-03-01,FY61,,,,,,,,
AX001636,10.36,0,0,2024-04-01,FY62,,,,,,,,
AX002192,6,0,0,2019-10-01,FY57,,,,,,,,
AX002193,8,0,0,2019-10-01,FY57,,,,,,,,
AX002194,0,3.11,0,2019-11-01,FY57,,,,,,,,
AX003133,7,0,0,2019-11-01,FY57,,,,,,,,
AX004115,7,0,0,2019-11-01,FY57,,,,,,,,
AX004116,27,0,0,2019-11-01,FY57,,,,,,,,
AX005288,6,0.94,1.19,2019-11-01,FY57,,,,,,,,
AX007962,2,0,0,2019-11-01,FY57,,,,,,,,
AX007810,6,0,1.4,2019-11-01,FY57,,,,,,,,
AX007809,7,0,0.54,2019-11-01,FY57,,,,,,,,
AX008921,7,0,0.54,2019-11-01,FY57,,,,,,,,
AX008922,12,3.99,0,2019-11-01,FY57,,,,,,,,
AX011668,2,0,0,2019-11-01,FY57,,,,,,,,
AX011669,5,0,0.74,2019-11-01,FY57,,,,,,,,
AX011294,6,0,0,2019-11-01,FY57,,,,,,,,
AX011203,6,1.07,1.95,2019-11-01,FY57,,,,,,,,
AX011204,2,0,0,2019-11-01,FY57,,,,,,,,
AX011205,8,0,0,2019-11-01,FY57,,,,,,,,
AX013824,6,0,0,2019-11-01,FY57,,,,,,,,
AX013823,2,0,0,2019-11-01,FY57,,,,,,,,
AX015071,3,0,0,2019-11-01,FY57,,,,,,,,
AX015030,1,0,0,2019-11-01,FY57,,,,,,,,
AX100616,4,0,0,2019-11-01,FY57,,,,,,,,
AX100244,5,0,0,2019-11-01,FY57,,,,,,,,
AX100243,7,0,0,2019-11-01,FY57,,,,,,,,
AX100617,2,0,0,2019-11-01,FY57,,,,,,,,
AX101249,5,0,0,2019-11-01,FY57,,,,,,,,
AX101248,2,0.96,0,2019-11-01,FY57,,,,,,,,
AX102178,2,0,0,2019-11-01,FY57,,,,,,,,
AX102179,5,0,0,2019-11-01,FY57,,,,,,,,
AX104237,12,3.86,0,2019-11-01,FY57,,,,,,,,
AX103277,10,0,0,2019-11-01,FY57,,,,,,,,
AX106311,7,0,0,2019-11-01,FY57,,,,,,,,
AX105995,5,0,0,2019-11-01,FY57,,,,,,,,
AX105994,12,3.81,0,2019-11-01,FY57,,,,,,,,
AX105861,2,0,0,2019-11-01,FY57,,,,,,,,
AX105862,15,2.43,0,2019-11-01,FY57,,,,,,,,
AX110714,4,0,0,2019-11-01,FY57,,,,,,,,
AX112775,1,2.6,0,2019-11-01,FY57,,,,,,,,
AX112776,0,0,0.75,2019-11-01,FY57,,,,,,,,
AX115755,0,0,0.54,2019-11-01,FY57,,,,,,,,
AX120122,3,0,0.63,2019-11-01,FY57,,,,,,,,
AX123273,2,0,0,2019-11-01,FY57,,,,,,,,
AX123035,3,0,0,2019-11-01,FY57,,,,,,,,
AX124919,7,0,0,2019-11-01,FY57,,,,,,,,
AX204452,0,0,3.48,2019-11-01,FY57,,,,,,,,
AX204453,2,0,0.64,2019-11-01,FY57,,,,,,,,
AX204454,2,0,0,2019-11-01,FY57,,,,,,,,
AX203622,0,2.86,0,2019-11-01,FY57,,,,,,,,
AX203623,2,0,0.84,2019-11-01,FY57,,,,,,,,
AX203272,0,9.53,0,2019-11-01,FY57,,,,,,,,
AX203271,7,0,0.56,2019-11-01,FY57,,,,,,,,
AX203270,7,0,0.7,2019-11-01,FY57,,,,,,,,
AX203273,1,0,0.44,2019-12-01,FY57,,,,,,,,
AX204455,7,2.53,0,2019-12-01,FY57,,,,,,,,
AX207262,8,2.46,0,2019-12-01,FY57,,,,,,,,
AX207159,2,0,0,2019-12-01,FY57,,,,,,,,
AX206427,4,0.08,0,2019-12-01,FY57,,,,,,,,
AX209407,3,0,0.94,2019-12-01,FY57,,,,,,,,
AX209406,3,1.06,0,2019-12-01,FY57,,,,,,,,
AX209405,3,0,0,2019-12-01,FY57,,,,,,,,
AX209408,1,0,0.7,2019-12-01,FY57,,,,,,,,
AX210944,1,0,0.44,2019-12-01,FY57,,,,,,,,
AX210945,5,0,0,2019-12-01,FY57,,,,,,,,
AX210947,1,0,0.48,2019-12-01,FY57,,,,,,,,
AX210946,7,0,0,2019-12-01,FY57,,,,,,,,
AX213404,8,1.51,0,2019-12-01,FY57,,,,,,,,
AX213402,0,0.56,0,2019-12-01,FY57,,,,,,,,
AX213401,7,2.54,0,2019-12-01,FY57,,,,,,,,
AX213400,0,0,4.69,2019-12-01,FY57,,,,,,,,
AX217222,5,0,0,2019-12-01,FY57,,,,,,,,
AX218003,6,0,0,2019-12-01,FY57,,,,,,,,
AX218004,2,0,0,2019-12-01,FY57,,,,,,,,
AX218005,2,0,0,2019-12-01,FY57,,,,,,,,
AX218006,8,0,0,2019-12-01,FY57,,,,,,,,
AX219069,336,0,0,2019-12-01,FY57,,,,,,,,
AX219071,9,0,1.02,2019-12-01,FY57,,,,,,,,
AX219072,0,0.37,0,2019-12-01,FY57,,,,,,,,
AX219070,0,1.28,0,2019-12-01,FY57,,,,,,,,
AX232995,0,1.64,0.35,2019-12-01,FY57,,,,,,,,
AX232996,9,0,0,2019-12-01,FY57,,,,,,,,
AX232997,7,2.76,0,2019-12-01,FY57,,,,,,,,
AX305820,7,0,0,2019-12-01,FY57,,,,,,,,
AX305822,3,0,0,2020-01-01,FY57,,,,,,,,
AX305821,8,0,0,2020-01-01,FY57,,,,,,,,
AX309751,8,0,0,2020-01-01,FY57,,,,,,,,
AX321859,8,0,0,2020-01-01,FY57,,,,,,,,
AX907981,6,0,0,2020-01-01,FY57,,,,,,,,
AX351274,7,0,0,2020-01-01,FY57,,,,,,,,
AX304383,5,0,0,2020-01-01,FY57,,,,,,,,
AX222837,9,0,0,2020-01-01,FY57,,,,,,,,
AX230824,4,0,0,2020-01-01,FY57,,,,,,,,
AX304384,12,0,0,2020-01-01,FY57,,,,,,,,
AX410020,4,0,0,2020-01-01,FY57,,,,,,,,
AX410023,7,0,0,2020-01-01,FY57,,,,,,,,
AX410022,7,0,0,2020-01-01,FY57,,,,,,,,
AX410021,13,0,0,2020-01-01,FY57,,,,,,,,
AX407812,10,0,0,2020-01-01,FY57,,,,,,,,
AX408107,5,0,0,2020-01-01,FY57,,,,,,,,
AX415724,10,0,0,2020-01-01,FY57,,,,,,,,
AX415722,4,0,0,2020-01-01,FY57,,,,,,,,
AX415721,4,0,0,2020-01-01,FY57,,,,,,,,
AX415723,9,0,0,2020-01-01,FY57,,,,,,,,
AX417792,0,0,1.04,2020-01-01,FY57,,,,,,,,
AX417791,6,0,0,2020-01-01,FY57,,,,,,,,
AX434046,1,0,0,2020-01-01,FY57,,,,,,,,
AX444654,4,0,0,2020-01-01,FY57,,,,,,,,
AX444655,9,0,0,2020-01-01,FY57,,,,,,,,
AX445711,1,0.47,0.69,2020-01-01,FY57,,,,,,,,
AX445710,1,0,0,2020-01-01,FY57,,,,,,,,
AX113989,1,0,0,2020-01-01,FY57,,,,,,,,
AX114600,2,1.02,0.97,2020-01-01,FY57,,,,,,,,
AX114599,0,1,0,2020-01-01,FY57,,,,,,,,
AX428533,4,0,0,2020-01-01,FY57,,,,,,,,
AX351273,1,0,0,2020-01-01,FY57,,,,,,,,
AX229966,2,0,0,2020-02-01,FY57,,,,,,,,
AX227677,9,0,0,2020-02-01,FY57,,,,,,,,
AX330437,2,0,0,2020-02-01,FY57,,,,,,,,
AX330438,10,0,0,2020-02-01,FY57,,,,,,,,
AX305755,10,0,0,2020-02-01,FY57,,,,,,,,
AX305756,2,0,0,2020-02-01,FY57,,,,,,,,
AX911981,9,0,0,2020-02-01,FY57,,,,,,,,
AX001895,4,0,0,2020-02-01,FY57,,,,,,,,
AX007631,5,0,0,2020-02-01,FY57,,,,,,,,
AX009010,24,0,0,2020-02-01,FY57,,,,,,,,
AX009011,7,0,0,2020-02-01,FY57,,,,,,,,
AX012782,12,0,0.85,2020-02-01,FY57,,,,,,,,
AX010299,10,0,0.72,2020-02-01,FY57,,,,,,,,
AX010246,9,0,0,2020-02-01,FY57,,,,,,,,
AX304260,14,0,0,2020-02-01,FY57,,,,,,,,
AX009983,2,0,0,2020-02-01,FY57,,,,,,,,
AX013845,4,0,0,2020-02-01,FY57,,,,,,,,
AX013844,2,0,0,2020-02-01,FY57,,,,,,,,
AX005391,5,0,0,2020-02-01,FY57,,,,,,,,
AX005860,8,0,0,2020-02-01,FY57,,,,,,,,
AX005858,2,0,0,2020-02-01,FY57,,,,,,,,
AX007634,7,0,0,2020-02-01,FY57,,,,,,,,
AX011583,6,0,0.77,2020-02-01,FY57,,,,,,,,
AX011582,8,0,0.45,2020-02-01,FY57,,,,,,,,
AX013315,10,0,0.54,2020-02-01,FY57,,,,,,,,
AX013314,11,0,0.97,2020-02-01,FY57,,,,,,,,
AX100510,7,0,0,2020-02-01,FY57,,,,,,,,
AX100241,10,0,0,2020-02-01,FY57,,,,,,,,
AX100944,2,0,0,2020-02-01,FY57,,,,,,,,
AX100943,10,0,0,2020-02-01,FY57,,,,,,,,
AX103409,10,0,0,2020-02-01,FY57,,,,,,,,
AX111065,12,0,0.74,2020-02-01,FY57,,,,,,,,
AX111064,10,0,0,2020-02-01,FY57,,,,,,,,
AX111066,11,0,0,2020-02-01,FY57,,,,,,,,
AX114444,9,0,0.74,2020-02-01,FY57,,,,,,,,
AX114445,2,0,0,2020-02-01,FY57,,,,,,,,
AX116254,8,0,0,2020-02-01,FY57,,,,,,,,
AX116253,11,0,1.55,2020-02-01,FY57,,,,,,,,
AX116043,4,0,0,2020-02-01,FY57,,,,,,,,
AX116252,14,0,0.45,2020-02-01,FY57,,,,,,,,
AX119398,10,0,0,2020-02-01,FY57,,,,,,,,
AX119397,1,0,0,2020-02-01,FY57,,,,,,,,
AX118798,9,0,0.76,2020-02-01,FY57,,,,,,,,
AX118797,8,0,0.6,2020-02-01,FY57,,,,,,,,
AX119547,6,0,0.8,2020-02-01,FY57,,,,,,,,
AX122737,0,0,0.1,2020-02-01,FY57,,,,,,,,
AX122735,1,0,0,2020-02-01,FY57,,,,,,,,
AX122733,22,0,1.05,2020-02-01,FY57,,,,,,,,
AX122734,2,0,0,2020-02-01,FY57,,,,,,,,
AX122736,3,0,0,2020-02-01,FY57,,,,,,,,
AX124241,1,0,0,2020-02-01,FY57,,,,,,,,
AX124242,0,0,4.28,2020-02-01,FY57,,,,,,,,
AX126061,2,0,1.22,2020-02-01,FY57,,,,,,,,
AX125850,13,0,0.56,2020-02-01,FY57,,,,,,,,
AX125849,2,0,0,2020-02-01,FY57,,,,,,,,
AX126060,13,0,0.84,2020-02-01,FY57,,,,,,,,
AX128068,8,3.78,0,2020-03-01,FY57,,,,,,,,
AX128067,2,0,0,2020-03-01,FY57,,,,,,,,
AX206429,0,0.15,0,2020-03-01,FY57,,,,,,,,
AX207794,2,0,0,2020-03-01,FY57,,,,,,,,
AX207795,5,1.17,0,2020-03-01,FY57,,,,,,,,
AX206428,8,0,0,2020-03-01,FY57,,,,,,,,
AX216168,0,5.45,0,2020-03-01,FY57,,,,,,,,
AX216174,1,0,0,2020-03-01,FY57,,,,,,,,
AX216169,2,0,0,2020-03-01,FY57,,,,,,,,
AX216170,2,0,0,2020-03-01,FY57,,,,,,,,
AX216173,4,1.82,0,2020-03-01,FY57,,,,,,,,
AX216171,1,0,0,2020-03-01,FY57,,,,,,,,
AX216176,10,0.6,0,2020-03-01,FY57,,,,,,,,
AX216175,4,0,0,2020-03-01,FY57,,,,,,,,
AX216172,3,0,0,2020-03-01,FY57,,,,,,,,
AX304264,7,0,0,2020-03-01,FY57,,,,,,,,
AX330439,3,0,0,2020-03-01,FY57,,,,,,,,
AX332809,1,0,0,2020-03-01,FY57,,,,,,,,
AX332635,2,0,0,2020-03-01,FY57,,,,,,,,
AX364013,7,1.36,0,2020-03-01,FY57,,,,,,,,
AX446367,5,0,0,2020-03-01,FY57,,,,,,,,
AX405965,8,4.07,0,2020-03-01,FY57,,,,,,,,
AX326904,10,2.43,0,2020-03-01,FY57,,,,,,,,
AX326905,10,3.85,0,2020-03-01,FY57,,,,,,,,
AX335952,3,0,0,2020-03-01,FY57,,,,,,,,
AX010700,16,0,0,2020-03-01,FY57,,,,,,,,
AX202895,1,0,0,2020-03-01,FY57,,,,,,,,
AX224105,10,0,0,2020-03-01,FY57,,,,,,,,
AX900919,1,0,0,2020-03-01,FY57,,,,,,,,
AX906378,0,1.64,0,2020-03-01,FY57,,,,,,,,
AX913089,7,3.43,0,2020-03-01,FY57,,,,,,,,
AX000999,3,0.3,0,2020-03-01,FY57,,,,,,,,
AX001717,26,0,0,2020-03-01,FY57,,,,,,,,
AX001716,9,2.78,0,2020-03-01,FY57,,,,,,,,
AX005536,7,0,0,2020-03-01,FY57,,,,,,,,
AX005287,1,0,0,2020-03-01,FY57,,,,,,,,
AX005883,1,0,0,2020-03-01,FY57,,,,,,,,
AX007591,7,0,0,2020-03-01,FY57,,,,,,,,
AX008703,0,0,0.78,2020-04-01,FY58,,,,,,,,
AX010478,9,2.21,0,2020-04-01,FY58,,,,,,,,
AX010857,8,0,0,2020-04-01,FY58,,,,,,,,
AX011339,24,0,0,2020-04-01,FY58,,,,,,,,
AX013312,1,0,0,2020-04-01,FY58,,,,,,,,
AX013032,17,1.3,0.61,2020-04-01,FY58,,,,,,,,
AX013925,7,0,0,2020-04-01,FY58,,,,,,,,
AX014309,6,0.51,0,2020-04-01,FY58,,,,,,,,
AX013926,2,0,0,2020-04-01,FY58,,,,,,,,
AX014783,4,2.74,0,2020-04-01,FY58,,,,,,,,
AX100511,9,2.13,0,2020-04-01,FY58,,,,,,,,
AX100512,2,0,0,2020-04-01,FY58,,,,,,,,
AX101500,1,0,0,2020-04-01,FY58,,,,,,,,
AX102644,15,0,0,2020-04-01,FY58,,,,,,,,
AX101574,3,0,0,2020-04-01,FY58,,,,,,,,
AX104240,4,1.32,0,2020-04-01,FY58,,,,,,,,
AX105281,16,0,0,2020-04-01,FY58,,,,,,,,
AX106474,3,0,0,2020-04-01,FY58,,,,,,,,
AX105628,2,0,0,2020-04-01,FY58,,,,,,,,
AX108117,17,0,0.86,2020-04-01,FY58,,,,,,,,
AX108993,7,2.13,0,2020-04-01,FY58,,,,,,,,
AX109124,2,0,0,2020-04-01,FY58,,,,,,,,
AX107765,3,0,0,2020-04-01,FY58,,,,,,,,
AX108118,2,0.42,0,2020-04-01,FY58,,,,,,,,
AX111293,7,0,0,2020-04-01,FY58,,,,,,,,
AX111745,5,0,0,2020-04-01,FY58,,,,,,,,
AX112778,4,0,0,2020-04-01,FY58,,,,,,,,
AX112539,5,0,0,2020-04-01,FY58,,,,,,,,
AX114611,8,0,0,2020-04-01,FY58,,,,,,,,
AX114610,16,0,0,2020-04-01,FY58,,,,,,,,
AX113116,2,0,0,2020-04-01,FY58,,,,,,,,
AX115665,0,0,2.37,2020-04-01,FY58,,,,,,,,
AX121352,0,5.81,0,2020-04-01,FY58,,,,,,,,
AX122566,4,0,0,2020-04-01,FY58,,,,,,,,
AX122738,7,0,0,2020-04-01,FY58,,,,,,,,
AX126614,1,0,0,2020-04-01,FY58,,,,,,,,
AX127573,3,0,0,2020-04-01,FY58,,,,,,,,
AX127796,14,0,0.21,2020-04-01,FY58,,,,,,,,
AX127572,7,2.49,0,2020-04-01,FY58,,,,,,,,
AX127574,5,0,0,2020-04-01,FY58,,,,,,,,
AX202378,8,0,0,2020-04-01,FY58,,,,,,,,
AX202379,13,0,0.51,2020-04-01,FY58,,,,,,,,
AX200016,19,0,1.16,2020-05-01,FY58,,,,,,,,
AX200015,8,0,0,2020-05-01,FY58,,,,,,,,
AX200014,24,0,3.43,2020-05-01,FY58,,,,,,,,
AX203748,4,0,0,2020-05-01,FY58,,,,,,,,
AX203749,5,0,0,2020-05-01,FY58,,,,,,,,
AX203750,8,0,0,2020-05-01,FY58,,,,,,,,
AX206535,15,0,0,2020-05-01,FY58,,,,,,,,
AX206856,5,0,0,2020-05-01,FY58,,,,,,,,
AX209521,5,0,0,2020-05-01,FY58,,,,,,,,
AX209520,7,0,0,2020-05-01,FY58,,,,,,,,
AX209519,2,0,0.53,2020-05-01,FY58,,,,,,,,
AX115680,18,0,2.09,2020-05-01,FY58,,,,,,,,
AX011788,3,0,0,2020-05-01,FY58,,,,,,,,
AX011176,13,0,2.65,2020-05-01,FY58,,,,,,,,
AX011992,7,0,0,2020-05-01,FY58,,,,,,,,
AX101765,12,0,0,2020-05-01,FY58,,,,,,,,
AX811705,2,0,0.9,2020-05-01,FY58,,,,,,,,
AX811363,2,0,0.5,2020-05-01,FY58,,,,,,,,
AX903007,20,0,1.55,2020-05-01,FY58,,,,,,,,
AX903008,2,0,0,2020-05-01,FY58,,,,,,,,
AX014395,8,0,0.68,2020-05-01,FY58,,,,,,,,
AX015520,7,0,0.51,2020-05-01,FY58,,,,,,,,
AX015031,6,0,0,2020-05-01,FY58,,,,,,,,
AX100240,0,0,0.65,2020-05-01,FY58,,,,,,,,
AX100239,23,0,0.52,2020-05-01,FY58,,,,,,,,
AX102700,10,0,0.57,2020-05-01,FY58,,,,,,,,
AX101764,1,0,0.25,2020-05-01,FY58,,,,,,,,
AX107273,8,0,0,2020-05-01,FY58,,,,,,,,
AX105993,0,0,0.54,2020-05-01,FY58,,,,,,,,
AX105992,2,0,0,2020-05-01,FY58,,,,,,,,
AX107272,3,0,0,2020-05-01,FY58,,,,,,,,
AX109594,11,0,0,2020-05-01,FY58,,,,,,,,
AX109592,0,0,5.22,2020-05-01,FY58,,,,,,,,
AX109595,1,0,0,2020-05-01,FY58,,,,,,,,
AX109596,11,0,0.73,2020-05-01,FY58,,,,,,,,
AX110418,2,0,0,2020-05-01,FY58,,,,,,,,
AX110417,3,0,0,2020-05-01,FY58,,,,,,,,
AX113444,5,0,0,2020-05-01,FY58,,,,,,,,
AX114453,5,0,0,2020-05-01,FY58,,,,,,,,
AX116169,10,0,0.8,2020-05-01,FY58,,,,,,,,
AX123272,11,0,0.81,2020-05-01,FY58,,,,,,,,
AX123271,10,0,0,2020-05-01,FY58,,,,,,,,
AX122739,19,0,1.29,2020-05-01,FY58,,,,,,,,
AX124676,10,0,0.53,2020-05-01,FY58,,,,,,,,
AX124677,5,0,0,2020-05-01,FY58,,,,,,,,
AX125847,9,0,1.32,2020-05-01,FY58,,,,,,,,
AX125846,8,0,1.79,2020-05-01,FY58,,,,,,,,
AX126615,10,0,0.89,2020-05-01,FY58,,,,,,,,
AX125474,10,0,0,2020-05-01,FY58,,,,,,,,
AX126616,7,0,0,2020-05-01,FY58,,,,,,,,
AX201511,3,0,0,2020-06-01,FY58,,,,,,,,
AX201510,20,0,1.39,2020-06-01,FY58,,,,,,,,
AX203487,5,0,0,2020-06-01,FY58,,,,,,,,
AX203486,8,0,0.34,2020-06-01,FY58,,,,,,,,
AX203485,14,0,0.44,2020-06-01,FY58,,,,,,,,
AX206189,7,0,0,2020-06-01,FY58,,,,,,,,
AX206661,0,0,0.85,2020-06-01,FY58,,,,,,,,
AX207083,10,0,1,2020-06-01,FY58,,,,,,,,
AX210143,13,0,0.92,2020-06-01,FY58,,,,,,,,
AX210142,4,0,1.62,2020-06-01,FY58,,,,,,,,
AX210664,13,0,0.94,2020-06-01,FY58,,,,,,,,
AX209142,11,0,0,2020-06-01,FY58,,,,,,,,
AX207070,18,0,0,2020-06-01,FY58,,,,,,,,
AX210141,14,0,0.65,2020-06-01,FY58,,,,,,,,
AX209518,5,0,0,2020-06-01,FY58,,,,,,,,
AX209517,4,0,0.69,2020-06-01,FY58,,,,,,,,
AX207071,2,0,0,2020-06-01,FY58,,,,,,,,
AX213405,2,0,0,2020-06-01,FY58,,,,,,,,
AX213406,16,0,0.85,2020-06-01,FY58,,,,,,,,
AX213407,3,0,0,2020-06-01,FY58,,,,,,,,
AX215235,9,0,0.24,2020-06-01,FY58,,,,,,,,
AX213856,8,0,0,2020-06-01,FY58,,,,,,,,
AX215615,11,0,3.23,2020-06-01,FY58,,,,,,,,
AX213852,4,0,0.26,2020-06-01,FY58,,,,,,,,
AX213853,0,0,3.02,2020-06-01,FY58,,,,,,,,
AX216452,2,0,0,2020-06-01,FY58,,,,,,,,
AX216453,10,0,0,2020-06-01,FY58,,,,,,,,
AX216454,2,0,0,2020-06-01,FY58,,,,,,,,
AX219554,2,0,0,2020-06-01,FY58,,,,,,,,
AX222286,1,0,0,2020-06-01,FY58,,,,,,,,
AX222840,8,0,0,2020-06-01,FY58,,,,,,,,
AX222841,6,0,0,2020-06-01,FY58,,,,,,,,
AX226776,8,0,0.87,2020-06-01,FY58,,,,,,,,
AX226778,11,0,0.84,2020-06-01,FY58,,,,,,,,
AX230823,4,0,0,2020-06-01,FY58,,,,,,,,
AX231644,10,0,1.09,2020-07-01,FY58,,,,,,,,
AX231649,3,0,0,2020-07-01,FY58,,,,,,,,
AX232882,9,0,1.2,2020-07-01,FY58,,,,,,,,
AX232883,9,0,1.23,2020-07-01,FY58,,,,,,,,
AX232885,4,0,0,2020-07-01,FY58,,,,,,,,
AX231347,4,0,0.17,2020-07-01,FY58,,,,,,,,
AX231346,3,0,0,2020-07-01,FY58,,,,,,,,
AX301777,5,0,0.3,2020-07-01,FY58,,,,,,,,
AX302969,13,0,0,2020-07-01,FY58,,,,,,,,
AX301779,8,0,0.65,2020-07-01,FY58,,,,,,,,
AX301778,37,0,0,2020-07-01,FY58,,,,,,,,
AX306573,18,0,1.51,2020-07-01,FY58,,,,,,,,
AX313820,4,0,0,2020-07-01,FY58,,,,,,,,
AX311211,4,0,0,2020-07-01,FY58,,,,,,,,
AX311539,2,0,0,2020-07-01,FY58,,,,,,,,
AX318968,7,0,0,2020-07-01,FY58,,,,,,,,
AX318969,8,0,0,2020-07-01,FY58,,,,,,,,
AX323327,8,0,0,2020-07-01,FY58,,,,,,,,
AX328264,3,0,2.71,2020-07-01,FY58,,,,,,,,
AX328263,3,0,1.9,2020-07-01,FY58,,,,,,,,
AX323330,10,0,0,2020-07-01,FY58,,,,,,,,
AX333168,6,0,0.48,2020-07-01,FY58,,,,,,,,
AX340405,2,0,0.96,2020-07-01,FY58,,,,,,,,
AX333167,1,0,0.14,2020-07-01,FY58,,,,,,,,
AX321918,13,0,0.63,2020-07-01,FY58,,,,,,,,
AX342048,10,0,0,2020-07-01,FY58,,,,,,,,
AX357823,15,0,0.42,2020-07-01,FY58,,,,,,,,
AX353925,4,0,0.86,2020-07-01,FY58,,,,,,,,
AX353922,7,0,0,2020-07-01,FY58,,,,,,,,
AX357822,0,0,4.88,2020-07-01,FY58,,,,,,,,
AX353923,0,0,0.1,2020-07-01,FY58,,,,,,,,
AX355453,3,0,0,2020-07-01,FY58,,,,,,,,
AX357824,0,0,0.71,2020-07-01,FY58,,,,,,,,
AX353926,6,0,0,2020-07-01,FY58,,,,,,,,
AX353924,2,0,0.34,2020-07-01,FY58,,,,,,,,
AX354476,0,0,1.03,2020-07-01,FY58,,,,,,,,
AX361306,12,0,0.65,2020-07-01,FY58,,,,,,,,
AX357825,7,0,0,2020-08-01,FY58,,,,,,,,
AX361757,7,0,0,2020-08-01,FY58,,,,,,,,
AX361758,17,0,0,2020-08-01,FY58,,,,,,,,
AX413643,3,0,0,2020-08-01,FY58,,,,,,,,
AX414248,8,0,0,2020-08-01,FY58,,,,,,,,
AX411514,5,0,0,2020-08-01,FY58,,,,,,,,
AX415185,9,0,0,2020-08-01,FY58,,,,,,,,
AX413644,6,0,0,2020-08-01,FY58,,,,,,,,
AX413642,5,0,0.09,2020-08-01,FY58,,,,,,,,
AX413641,2,0,0,2020-08-01,FY58,,,,,,,,
AX415831,5,0,0,2020-08-01,FY58,,,,,,,,
AX413645,3,0,0,2020-08-01,FY58,,,,,,,,
AX415832,24,0,0,2020-08-01,FY58,,,,,,,,
AX413640,9,0,0,2020-08-01,FY58,,,,,,,,
AX439499,2,0,0,2020-08-01,FY58,,,,,,,,
AX436197,2,0,0,2020-08-01,FY58,,,,,,,,
AX434107,10,0,0,2020-08-01,FY58,,,,,,,,
AX434106,9,0,0.26,2020-08-01,FY58,,,,,,,,
AX405164,9,0,0.87,2020-08-01,FY58,,,,,,,,
AX405165,8,0,0,2020-08-01,FY58,,,,,,,,
AX405163,7,0,0,2020-08-01,FY58,,,,,,,,
AX407806,6,0,0,2020-08-01,FY58,,,,,,,,
AX406676,14,0,0,2020-08-01,FY58,,,,,,,,
AX434110,2,0,0,2020-08-01,FY58,,,,,,,,
AX434109,2,0,0,2020-08-01,FY58,,,,,,,,
AX434133,1,0,0,2020-08-01,FY58,,,,,,,,
AX434108,1,0,0,2020-08-01,FY58,,,,,,,,
AX439497,19,0,0.99,2020-09-01,FY58,,,,,,,,
AX439498,3,0,0,2020-09-01,FY58,,,,,,,,
AX432612,7,0,0,2020-09-01,FY58,,,,,,,,
AX432615,3,0,0,2020-09-01,FY58,,,,,,,,
AX432613,3,0,0,2020-09-01,FY58,,,,,,,,
AX432614,3,0,0,2020-09-01,FY58,,,,,,,,
AX431173,1,0,0,2020-09-01,FY58,,,,,,,,
AX431174,5,0,0,2020-09-01,FY58,,,,,,,,
AX201901,3,0,0,2020-09-01,FY58,,,,,,,,
AX201902,3,0,0,2020-09-01,FY58,,,,,,,,
AX202002,4,0,0,2020-09-01,FY58,,,,,,,,
AX202001,4,0,0,2020-09-01,FY58,,,,,,,,
AX202102,3,0,0.47,2020-09-01,FY58,,,,,,,,
AX202103,4,0,0,2020-09-01,FY58,,,,,,,,
AX202203,6,0,0,2020-09-01,FY58,,,,,,,,
AX202202,3,0,0,2020-09-01,FY58,,,,,,,,
AX202302,3,0,0.09,2020-09-01,FY58,,,,,,,,
AX202303,2,0,0,2020-09-01,FY58,,,,,,,,
AX202403,5,0,0,2020-09-01,FY58,,,,,,,,
AX202402,5,0,0,2020-09-01,FY58,,,,,,,,
AX210948,17,0,0,2020-09-01,FY58,,,,,,,,
AX218253,7,0,1.18,2020-09-01,FY58,,,,,,,,
AX227679,8,0,0.07,2020-09-01,FY58,,,,,,,,
AX230364,11,0,0,2020-09-01,FY58,,,,,,,,
AX330436,10,0,0,2020-09-01,FY58,,,,,,,,
AX330435,11,0,1.19,2020-09-01,FY58,,,,,,,,
AX330432,13,0,1,2020-09-01,FY58,,,,,,,,
AX330433,8,0,0,2020-09-01,FY58,,,,,,,,
AX330434,13,0,0.95,2020-09-01,FY58,,,,,,,,
AX330431,2,0,0,2020-09-01,FY58,,,,,,,,
AX441507,2,0,0,2020-09-01,FY58,,,,,,,,
AX441506,2,0,0,2020-09-01,FY58,,,,,,,,
AX012630,9,0,0.26,2020-09-01,FY58,,,,,,,,
AX012629,4,0,0,2020-09-01,FY58,,,,,,,,
AX012631,3,0,0,2020-09-01,FY58,,,,,,,,
AX902515,7,0,0,2020-09-01,FY58,,,,,,,,
AX903607,5,0,1.09,2020-09-01,FY58,,,,,,,,
AX903589,1,0,0,2020-09-01,FY58,,,,,,,,
AX905510,2,0,0,2020-09-01,FY58,,,,,,,,
AX004602,0,0,2.37,2020-09-01,FY58,,,,,,,,
AX113730,2,0,0,2020-09-01,FY58,,,,,,,,
AX126189,14,0,0.67,2020-09-01,FY58,,,,,,,,
AX126188,7,0,0.52,2020-09-01,FY58,,,,,,,,
AX126187,3,0,0,2020-09-01,FY58,,,,,,,,
AX126185,2,0,0,2020-09-01,FY58,,,,,,,,
AX126186,2,0,0.65,2020-09-01,FY58,,,,,,,,
AX913889,7,0,0.63,2020-09-01,FY58,,,,,,,,
AX004923,4,0,0.97,2020-10-01,FY58,,,,,,,,
AX007608,7,0,0,2020-10-01,FY58,,,,,,,,
AX014248,7,0,0.81,2020-10-01,FY58,,,,,,,,
AX102156,8,0,0,2020-10-01,FY58,,,,,,,,
AX901180,1,0,0,2020-10-01,FY58,,,,,,,,
AX808199,14,0,1.51,2020-10-01,FY58,,,,,,,,
AX001575,3,0,0,2020-10-01,FY58,,,,,,,,
AX000448,9,0,0.43,2020-10-01,FY58,,,,,,,,
AX000449,7,0,1.01,2020-10-01,FY58,,,,,,,,
AX001443,23,0,3.99,2020-10-01,FY58,,,,,,,,
AX001855,4,0,0.41,2020-10-01,FY58,,,,,,,,
AX202598,10,0,1.23,2020-10-01,FY58,,,,,,,,
AX202599,5,0,0,2020-10-01,FY58,,,,,,,,
AX210949,3,0,0,2020-10-01,FY58,,,,,,,,
AX218252,6,0,0,2020-10-01,FY58,,,,,,,,
AX441154,8,0,0,2020-10-01,FY58,,,,,,,,
AX224108,8,0,0,2020-10-01,FY58,,,,,,,,
AX348422,8,0,0.23,2020-10-01,FY58,,,,,,,,
AX009946,13,0,1.26,2020-10-01,FY58,,,,,,,,
AX010269,3,0,0,2020-10-01,FY58,,,,,,,,
AE908190,7,0,0.49,2020-10-01,FY58,,,,,,,,
AX904161,0,0,1.96,2020-10-01,FY58,,,,,,,,
AX439093,5,0,0,2020-10-01,FY58,,,,,,,,
AX901550,3,0,0,2020-10-01,FY58,,,,,,,,
AX811661,8,0,0,2020-10-01,FY58,,,,,,,,
AX910384,13,0,0,2020-10-01,FY58,,,,,,,,
AX302793,2,0,0,2020-10-01,FY58,,,,,,,,
AX225952,3,0,0,2020-10-01,FY58,,,,,,,,
AX233203,7,0,1.2,2020-10-01,FY58,,,,,,,,
AX302965,4,0,0,2020-10-01,FY58,,,,,,,,
AX302966,12,0,0.94,2020-10-01,FY58,,,,,,,,
AX323074,0,0,1.92,2020-10-01,FY58,,,,,,,,
AX004458,7,0,0,2020-10-01,FY58,,,,,,,,
AX004868,10,0,0.66,2020-11-01,FY58,,,,,,,,
AX008811,1,0,0,2020-11-01,FY58,,,,,,,,
AX008058,2,0,0,2020-11-01,FY58,,,,,,,,
AX010827,23,0,1.99,2020-11-01,FY58,,,,,,,,
AX014779,10,0,0.75,2020-11-01,FY58,,,,,,,,
AX103407,7,0,2.04,2020-11-01,FY58,,,,,,,,
AX319442,10,0,0.74,2020-11-01,FY58,,,,,,,,
AX809125,8,0,0.89,2020-11-01,FY58,,,,,,,,
AX809123,2,0,0,2020-11-01,FY58,,,,,,,,
AX203274,6,0,0,2020-11-01,FY58,,,,,,,,
AX210286,9,0,0,2020-11-01,FY58,,,,,,,,
AX210284,3,0,0,2020-11-01,FY58,,,,,,,,
AX210285,11,0,0.61,2020-11-01,FY58,,,,,,,,
AX218256,13,0,0,2020-11-01,FY58,,,,,,,,
AX010829,6,0,0,2020-11-01,FY58,,,,,,,,
AX011293,9,0,1.2,2020-11-01,FY58,,,,,,,,
AX100942,3,0,0,2020-11-01,FY58,,,,,,,,
AX107848,11,0,0.86,2020-11-01,FY58,,,,,,,,
AX126190,10,0,1.17,2020-11-01,FY58,,,,,,,,
AX127247,2,0,0,2020-11-01,FY58,,,,,,,,
AX202896,9,0,0,2020-11-01,FY58,,,,,,,,
AX207090,4,0,0,2020-11-01,FY58,,,,,,,,
AX217793,5,0,2.12,2020-11-01,FY58,,,,,,,,
AX233204,2,0,0,2020-11-01,FY58,,,,,,,,
AX233205,8,0,0,2020-11-01,FY58,,,,,,,,
AX308421,2,0,0,2020-11-01,FY58,,,,,,,,
AX304259,7,0,0,2020-11-01,FY58,,,,,,,,
AX125581,2,0,0,2020-11-01,FY58,,,,,,,,
AX200012,0,0,1.33,2020-11-01,FY58,,,,,,,,
AX207082,1,0,0,2020-11-01,FY58,,,,,,,,
AX207069,8,0,1.59,2020-11-01,FY58,,,,,,,,
AX209412,2,0,0,2020-11-01,FY58,,,,,,,,
AX217125,9,0,1.69,2020-11-01,FY58,,,,,,,,
AX217872,4,0,0,2020-11-01,FY58,,,,,,,,
AX222281,1,0,0.29,2020-11-01,FY58,,,,,,,,
AX235007,10,0,0,2020-11-01,FY58,,,,,,,,
AX305616,1,0,0,2020-11-01,FY58,,,,,,,,
AX305615,8,0,0,2020-11-01,FY58,,,,,,,,
AX324750,9,0,0,2020-11-01,FY58,,,,,,,,
AX340407,3,0,0,2020-11-01,FY58,,,,,,,,
AX340406,4,0,0.71,2020-11-01,FY58,,,,,,,,
AX342049,0,0,0.57,2020-11-01,FY58,,,,,,,,
AX401982,5,0,0.12,2020-12-01,FY58,,,,,,,,
AX401981,7,0,0,2020-12-01,FY58,,,,,,,,
AX201900,7,0,0.97,2020-12-01,FY58,,,,,,,,
AX202000,4,0,0,2020-12-01,FY58,,,,,,,,
AX202100,4,0,0,2020-12-01,FY58,,,,,,,,
AX112476,8,0,0,2020-12-01,FY58,,,,,,,,
AX112361,0,0,0.04,2020-12-01,FY58,,,,,,,,
AX215350,12,0,0.72,2020-12-01,FY58,,,,,,,,
AX213040,8,0,3,2020-12-01,FY58,,,,,,,,
AX230362,0,0,0.38,2020-12-01,FY58,,,,,,,,
AX230361,1,0,0,2020-12-01,FY58,,,,,,,,
AX230360,3,0,0,2020-12-01,FY58,,,,,,,,
AX351275,27,0,0,2020-12-01,FY58,,,,,,,,
AX357826,2,0,0,2020-12-01,FY58,,,,,,,,
AX446372,16,0,0,2020-12-01,FY58,,,,,,,,
AX326902,1,0,1.4,2020-12-01,FY58,,,,,,,,
AX300957,4,0,0,2020-12-01,FY58,,,,,,,,
AX326903,2,0,0,2020-12-01,FY58,,,,,,,,
AX300959,1,0,0,2020-12-01,FY58,,,,,,,,
AX332810,3,0,0,2020-12-01,FY58,,,,,,,,
AX811338,0,0,1.61,2020-12-01,FY58,,,,,,,,
AX901692,1,0,0,2020-12-01,FY58,,,,,,,,
AX902593,9,0,0.95,2020-12-01,FY58,,,,,,,,
AX903606,0,0,1.08,2020-12-01,FY58,,,,,,,,
AX903785,9,0,0,2020-12-01,FY58,,,,,,,,
AX905001,4,0,0,2021-01-01,FY58,,,,,,,,
AX906345,9,0,0.62,2021-01-01,FY58,,,,,,,,
AX907431,4,0,0,2021-01-01,FY58,,,,,,,,
AX001954,4,0,0,2021-01-01,FY58,,,,,,,,
AX332811,8,0,0,2021-01-01,FY58,,,,,,,,
AX115280,8,0,0,2021-01-01,FY58,,,,,,,,
AX010270,10,0,0,2021-01-01,FY58,,,,,,,,
AX010268,0,0,0.17,2021-01-01,FY58,,,,,,,,
AX010271,0,0,0.68,2021-01-01,FY58,,,,,,,,
AX218309,7,0,0.73,2021-01-01,FY58,,,,,,,,
AX220487,3,0,1.32,2021-01-01,FY58,,,,,,,,
AX220486,7,0,0.59,2021-01-01,FY58,,,,,,,,
AX220485,12,0,0,2021-01-01,FY58,,,,,,,,
AX202201,7,0,0,2021-01-01,FY58,,,,,,,,
AX202301,4,0,0,2021-01-01,FY58,,,,,,,,
AX202401,8,0,0,2021-01-01,FY58,,,,,,,,
AX904214,0,0,1.13,2021-01-01,FY58,,,,,,,,
AX904476,10,0,0,2021-01-01,FY58,,,,,,,,
AX229969,1,0,0,2021-01-01,FY58,,,,,,,,
AX119300,12,0,0.9,2021-01-01,FY58,,,,,,,,
AX120146,12,0,0,2021-01-01,FY58,,,,,,,,
AX115679,8,0,0.47,2021-01-01,FY58,,,,,,,,
AX200739,9,0,0.62,2021-01-01,FY58,,,,,,,,
AX202026,0,0,0.34,2021-01-01,FY58,,,,,,,,
AX204229,8,0,0,2021-01-01,FY58,,,,,,,,
AX220873,3,0,0.51,2021-01-01,FY58,,,,,,,,
AX221237,1,0,0,2021-01-01,FY58,,,,,,,,
AX220883,10,0,0,2021-01-01,FY58,,,,,,,,
AX220884,2,0,0,2021-01-01,FY58,,,,,,,,
AX220882,4,0,0,2021-01-01,FY58,,,,,,,,
AX221573,4,0,0,2021-01-01,FY58,,,,,,,,
AX221576,6,0,0,2021-01-01,FY58,,,,,,,,
AX231651,4,0,0,2021-01-01,FY58,,,,,,,,
AX303266,3,0,0,2021-01-01,FY58,,,,,,,,
AX310237,0,0,0.43,2021-01-01,FY58,,,,,,,,
AX310027,0,0,0.76,2021-01-01,FY58,,,,,,,,
AX309132,1,0,0,2021-01-01,FY58,,,,,,,,
AX310028,5,0,0.71,2021-01-01,FY58,,,,,,,,
AX314188,7,0,0,2021-01-01,FY58,,,,,,,,
AX314189,1,0,0,2021-01-01,FY58,,,,,,,,
AX314618,9,0,0.85,2021-01-01,FY58,,,,,,,,
AX315226,0,0,0.14,2021-01-01,FY58,,,,,,,,
AX323668,7,0,0,2021-01-01,FY58,,,,,,,,
AX323667,7,0,0,2021-01-01,FY58,,,,,,,,
AX324573,3,0,0,2021-01-01,FY58,,,,,,,,
AX329031,1,0,0,2021-01-01,FY58,,,,,,,,
AX326819,3,0,0,2021-01-01,FY58,,,,,,,,
AX333105,5,0,0,2021-02-01,FY58,,,,,,,,
AX333911,1,0,0,2021-02-01,FY58,,,,,,,,
AX334611,3,0,0,2021-02-01,FY58,,,,,,,,
AX341067,10,0,0,2021-02-01,FY58,,,,,,,,
AX340786,3,0,0,2021-02-01,FY58,,,,,,,,
AX350612,3,0,0,2021-02-01,FY58,,,,,,,,
AX350611,10,0,0,2021-02-01,FY58,,,,,,,,
AX349634,10,0,0,2021-02-01,FY58,,,,,,,,
AX348471,2,0,0,2021-02-01,FY58,,,,,,,,
AX403316,21,0,0,2021-02-01,FY58,,,,,,,,
AX405168,4,0,0,2021-02-01,FY58,,,,,,,,
AX408626,7,0,0,2021-02-01,FY58,,,,,,,,
AX406438,10,0,0,2021-02-01,FY58,,,,,,,,
AX410331,9,0,0,2021-02-01,FY58,,,,,,,,
AX415150,8,0,0.46,2021-02-01,FY58,,,,,,,,
AX415151,3,0,0,2021-02-01,FY58,,,,,,,,
AX415149,3,0,0,2021-02-01,FY58,,,,,,,,
AX419440,4,0,0,2021-02-01,FY58,,,,,,,,
AX446670,3,0,0,2021-02-01,FY58,,,,,,,,
AX225088,8,0,0,2021-02-01,FY58,,,,,,,,
AX223733,1,0,0,2021-02-01,FY58,,,,,,,,
AX227269,7,0,0,2021-02-01,FY58,,,,,,,,
AX230378,7,0,0,2021-02-01,FY58,,,,,,,,
AX300024,12,0,0,2021-02-01,FY58,,,,,,,,
AX302788,4,0,0,2021-02-01,FY58,,,,,,,,
AX306629,10,0,0,2021-02-01,FY58,,,,,,,,
AX317748,4,0,0.74,2021-02-01,FY58,,,,,,,,
AX356546,1,0,0.34,2021-02-01,FY58,,,,,,,,
AX409200,1,0,0,2021-02-01,FY58,,,,,,,,
AX324381,0,0,0.48,2021-02-01,FY58,,,,,,,,
AX327550,5,0,0,2021-02-01,FY58,,,,,,,,
AX331936,4,0,0,2021-02-01,FY58,,,,,,,,
AX331367,0,0,1.03,2021-02-01,FY58,,,,,,,,
AX346237,0,0,0.46,2021-02-01,FY58,,,,,,,,
AX358517,0,0,2.15,2021-02-01,FY58,,,,,,,,
AX363478,11,0,0,2021-02-01,FY58,,,,,,,,
AX416131,4,0,0.97,2021-03-01,FY58,,,,,,,,
AX436146,2,0,0.68,2021-03-01,FY58,,,,,,,,
AX441196,1,0,0,2021-03-01,FY58,,,,,,,,
AX440674,7,0,0,2021-03-01,FY58,,,,,,,,
AX441448,8,0,0,2021-03-01,FY58,,,,,,,,
AX441508,2,0,0,2021-03-01,FY58,,,,,,,,
AX330429,4,0,1.26,2021-03-01,FY58,,,,,,,,
AX411824,5,0,0,2021-03-01,FY58,,,,,,,,
AX439005,10,0,0,2021-03-01,FY58,,,,,,,,
AX304028,1,0,1.16,2021-03-01,FY58,,,,,,,,
AX447245,7,0,0,2021-03-01,FY58,,,,,,,,
AX319489,1,0,0.55,2021-03-01,FY58,,,,,,,,
AX442370,1,0,0,2021-03-01,FY58,,,,,,,,
AX319490,7,0,0,2021-03-01,FY58,,,,,,,,
AX330428,0,0,0.67,2021-03-01,FY58,,,,,,,,
AX354475,3,0,0,2021-03-01,FY58,,,,,,,,
AX432928,6,0,0,2021-03-01,FY58,,,,,,,,
AX432927,10.36,0,0,2024-04-01,FY62,,,,,,,,
AX312025,0,0,3.46,2021-03-01,FY58,,,,,,,,
AX322070,10,0,0,2021-03-01,FY58,,,,,,,,
AX424286,0,0,0.26,2021-03-01,FY58,,,,,,,,
AX425652,0,0,0.75,2021-03-01,FY58,,,,,,,,
AX443225,0,0,0.55,2021-03-01,FY58,,,,,,,,
AX314981,2,0,0,2021-03-01,FY58,,,,,,,,
AX328639,1,0,0,2021-03-01,FY58,,,,,,,,
AX331656,10,0,0.54,2021-03-01,FY58,,,,,,,,
AX334288,10,0,0.44,2021-03-01,FY58,,,,,,,,
AX334289,1,0,1.24,2021-03-01,FY58,,,,,,,,
AX356545,11,0,0.58,2021-03-01,FY58,,,,,,,,
AX409201,3,0,0,2021-03-01,FY58,,,,,,,,
AX409199,8,0,0,2021-03-01,FY58,,,,,,,,
AX221572,3,0,0,2021-04-01,FY59,,,,,,,,
AX219744,5,0,0,2021-04-01,FY59,,,,,,,,
AX227451,1,0,0,2021-04-01,FY59,,,,,,,,
AX302425,4,0,0,2021-04-01,FY59,,,,,,,,
AX300203,2,0,0.61,2021-04-01,FY59,,,,,,,,
AX307306,3,0,0,2021-04-01,FY59,,,,,,,,
AX305370,9,0,0,2021-04-01,FY59,,,,,,,,
AX318529,10,0,1.39,2021-04-01,FY59,,,,,,,,
AX320678,0,0,0.23,2021-04-01,FY59,,,,,,,,
AX328291,3,0,0,2021-04-01,FY59,,,,,,,,
AX327503,1,0,0,2021-04-01,FY59,,,,,,,,
AX339222,8,0,1.13,2021-04-01,FY59,,,,,,,,
AX336687,0,0,0.31,2021-04-01,FY59,,,,,,,,
AX345109,14,0,0,2021-04-01,FY59,,,,,,,,
AX356035,4,0,1.15,2021-04-01,FY59,,,,,,,,
AX363693,4,0,0,2021-04-01,FY59,,,,,,,,
AX362336,8,0,1.17,2021-04-01,FY59,,,,,,,,
AX415186,3,0,0,2021-04-01,FY59,,,,,,,,
AX425335,4,0,0,2021-04-01,FY59,,,,,,,,
AX420053,3,0,0.16,2021-04-01,FY59,,,,,,,,
AX431820,6,0,0.75,2021-04-01,FY59,,,,,,,,
AX431430,4,0,0,2021-04-01,FY59,,,,,,,,
AX441181,7,0,0,2021-04-01,FY59,,,,,,,,
AX908606,14,0,0,2021-04-01,FY59,,,,,,,,
AX806565,8,0,0,2021-04-01,FY59,,,,,,,,
AX326820,8,0,0,2021-04-01,FY59,,,,,,,,
AX343299,0,0,0.92,2021-04-01,FY59,,,,,,,,
AX355742,4,0,0,2021-04-01,FY59,,,,,,,,
AX111819,8,0,1.21,2021-04-01,FY59,,,,,,,,
AX115668,5,0,0,2021-04-01,FY59,,,,,,,,
AX115670,2,0,0,2021-04-01,FY59,,,,,,,,
AX123034,0,0,0.72,2021-04-01,FY59,,,,,,,,
AX205683,7,0,0,2021-04-01,FY59,,,,,,,,
AX316881,7,0,0,2021-04-01,FY59,,,,,,,,
AX356582,0,0,0.55,2021-04-01,FY59,,,,,,,,
AX356112,0,0,0.11,2021-04-01,FY59,,,,,,,,
AX346480,0,0,4.69,2021-04-01,FY59,,,,,,,,
AX351279,2,0,0,2021-04-01,FY59,,,,,,,,
AX355450,9,0,0.53,2021-05-01,FY59,,,,,,,,
AX410983,15,0,0,2021-05-01,FY59,,,,,,,,
AX407562,8,0,0,2021-05-01,FY59,,,,,,,,
AX439003,11,0,0,2021-05-01,FY59,,,,,,,,
AX111820,4,0,0.21,2021-05-01,FY59,,,,,,,,
AX117172,7,0,0,2021-05-01,FY59,,,,,,,,
AX117173,0,0,0.94,2021-05-01,FY59,,,,,,,,
AX120969,7,0,0,2021-05-01,FY59,,,,,,,,
AX120970,4,0,0,2021-05-01,FY59,,,,,,,,
AX124125,0,0,0.85,2021-05-01,FY59,,,,,,,,
AX124124,0,0,0.11,2021-05-01,FY59,,,,,,,,
AX123925,4,0,0,2021-05-01,FY59,,,,,,,,
AX127246,5,0,0,2021-05-01,FY59,,,,,,,,
AX209409,7,0,0,2021-05-01,FY59,,,,,,,,
AX209410,2,0,0,2021-05-01,FY59,,,,,,,,
AX209411,1,0,0,2021-05-01,FY59,,,,,,,,
AX218740,4,0,0,2021-05-01,FY59,,,,,,,,
AX218742,2,0,0,2021-05-01,FY59,,,,,,,,
AX230693,9,0,0,2021-05-01,FY59,,,,,,,,
AX230694,9,0,0,2021-05-01,FY59,,,,,,,,
AX300961,0,0,2.34,2021-05-01,FY59,,,,,,,,
AX438357,6,0,0,2021-05-01,FY59,,,,,,,,
AX300772,2,0,0,2021-05-01,FY59,,,,,,,,
AX306453,0,0,0.1,2021-05-01,FY59,,,,,,,,
AX306454,9,0,0,2021-05-01,FY59,,,,,,,,
AX312532,1,0,0,2021-05-01,FY59,,,,,,,,
AX411580,1,0,0,2021-05-01,FY59,,,,,,,,
AX406529,5,0,0,2021-05-01,FY59,,,,,,,,
AX330441,7,0,0,2021-05-01,FY59,,,,,,,,
AX330442,1,0,0,2021-05-01,FY59,,,,,,,,
AX332629,2,0,0,2021-05-01,FY59,,,,,,,,
AX332630,3,0,0,2021-05-01,FY59,,,,,,,,
AX434139,1,0,0,2021-05-01,FY59,,,,,,,,
AX218743,3,0,0.52,2021-05-01,FY59,,,,,,,,
AX306653,6,0,0,2021-06-01,FY59,,,,,,,,
AX401987,3,0,1.32,2021-06-01,FY59,,,,,,,,
AX401986,8,0,2.01,2021-06-01,FY59,,,,,,,,
AX401984,4,0,0.82,2021-06-01,FY59,,,,,,,,
AX401983,8,0,0,2021-06-01,FY59,,,,,,,,
AX401160,13,0,0.39,2021-06-01,FY59,,,,,,,,
AX401159,0,0,2.14,2021-06-01,FY59,,,,,,,,
AX401985,11,0,0,2021-06-01,FY59,,,,,,,,
AX407805,4,0,0.06,2021-06-01,FY59,,,,,,,,
AX405999,2,0,0.45,2021-06-01,FY59,,,,,,,,
AX405997,8,0,0,2021-06-01,FY59,,,,,,,,
AX405998,4,0,0.46,2021-06-01,FY59,,,,,,,,
AX012217,9,0,0,2021-06-01,FY59,,,,,,,,
AX431695,0,0,2.37,2021-06-01,FY59,,,,,,,,
AX112253,16,0,0,2021-06-01,FY59,,,,,,,,
AX204451,11,0,0,2021-06-01,FY59,,,,,,,,
AX305826,6,0,0,2021-06-01,FY59,,,,,,,,
AX305825,8,0,0.6,2021-06-01,FY59,,,,,,,,
AX305823,6,0,0.74,2021-06-01,FY59,,,,,,,,
AX305824,0,0,1.17,2021-06-01,FY59,,,,,,,,
AX341822,6,0,0.87,2021-06-01,FY59,,,,,,,,
AX341821,8,0,2.13,2021-06-01,FY59,,,,,,,,
AX341820,6,0,0,2021-06-01,FY59,,,,,,,,
AX341819,6,0,0,2021-06-01,FY59,,,,,,,,
AX229971,8,0,0.67,2021-06-01,FY59,,,,,,,,
AX000312,9,0,0.64,2021-06-01,FY59,,,,,,,,
AX000495,7,0,2.27,2021-06-01,FY59,,,,,,,,
AX001451,8,0,0,2021-06-01,FY59,,,,,,,,
AX103151,5,0,0,2021-06-01,FY59,,,,,,,,
AX119399,11,0,0,2021-06-01,FY59,,,,,,,,
AX121166,8,0,0.62,2021-06-01,FY59,,,,,,,,
AX123712,1,0,0,2021-06-01,FY59,,,,,,,,
AX123033,9,0,0.62,2021-06-01,FY59,,,,,,,,
AX124675,4,0,0.94,2021-06-01,FY59,,,,,,,,
AX125851,5,0,0,2021-06-01,FY59,,,,,,,,
AX127248,4,0,0.93,2021-06-01,FY59,,,,,,,,
AX128309,5,0,0,2021-06-01,FY59,,,,,,,,
AX128662,9,0,0.05,2021-06-01,FY59,,,,,,,,
AX200960,6,0,0,2021-06-01,FY59,,,,,,,,
AX201512,5,0,0,2021-06-01,FY59,,,,,,,,
AX200019,7,0,0,2021-06-01,FY59,,,,,,,,
AX202897,2,0,0,2021-06-01,FY59,,,,,,,,
AX204450,5,0,0,2021-06-01,FY59,,,,,,,,
AX206190,2,0,0,2021-06-01,FY59,,,,,,,,
AX207265,6,0,2.7,2021-06-01,FY59,,,,,,,,
AX212937,5,0,0,2021-06-01,FY59,,,,,,,,
AX210950,4,0,0,2021-06-01,FY59,,,,,,,,
AX215354,0,0,0.54,2021-06-01,FY59,,,,,,,,
AX215352,19,0,0,2021-06-01,FY59,,,,,,,,
AX215353,0,0,0.98,2021-06-01,FY59,,,,,,,,
AX215351,1,0,1.26,2021-06-01,FY59,,,,,,,,
AX213593,6,0,0.99,2021-06-01,FY59,,,,,,,,
AX217787,5,0,0,2021-06-01,FY59,,,,,,,,
AX217788,6,0,0,2021-06-01,FY59,,,,,,,,
AX217789,0,0,0.49,2021-06-01,FY59,,,,,,,,
AX217790,2,0,0,2021-06-01,FY59,,,,,,,,
AX221542,7,0,0,2021-06-01,FY59,,,,,,,,
AX221544,0,0,1.88,2021-06-01,FY59,,,,,,,,
AX221541,3,0,0,2021-06-01,FY59,,,,,,,,
AX221543,2,0,1.04,2021-06-01,FY59,,,,,,,,
AX224402,6.5,0,0,2021-07-01,FY59,,,,,,,,
AX224403,0,0,0.14,2021-07-01,FY59,,,,,,,,
AX224404,3,0,0,2021-07-01,FY59,,,,,,,,
AX224405,2,0,0.44,2021-07-01,FY59,,,,,,,,
AX227676,2,0,0,2021-07-01,FY59,,,,,,,,
AX227675,3,0,0,2021-07-01,FY59,,,,,,,,
AX227674,2,0,0,2021-07-01,FY59,,,,,,,,
AX314614,9,0,0,2021-07-01,FY59,,,,,,,,
AX314615,6,0,0,2021-07-01,FY59,,,,,,,,
AX314616,10,0,0,2021-07-01,FY59,,,,,,,,
AX314617,6,0,0,2021-07-01,FY59,,,,,,,,
AX347462,4,0,0.45,2021-07-01,FY59,,,,,,,,
AX347461,4,0,0,2021-07-01,FY59,,,,,,,,
AX347460,0,0,0.25,2021-07-01,FY59,,,,,,,,
AX347459,1,0,0,2021-07-01,FY59,,,,,,,,
AX361305,2,0,0,2021-07-01,FY59,,,,,,,,
AX361781,2,0,0,2021-07-01,FY59,,,,,,,,
AX361780,3,0,0,2021-07-01,FY59,,,,,,,,
AX406247,14,0,0,2021-07-01,FY59,,,,,,,,
AX408569,7,0,1.05,2021-07-01,FY59,,,,,,,,
AX406236,1,0,0,2021-07-01,FY59,,,,,,,,
AX406233,8,0,0.74,2021-07-01,FY59,,,,,,,,
AX406235,9,0,0,2021-07-01,FY59,,,,,,,,
AX420893,3,0,3.4,2021-07-01,FY59,,,,,,,,
AX420891,4,0,0,2021-07-01,FY59,,,,,,,,
AX420892,0,0,0.5,2021-07-01,FY59,,,,,,,,
AX420890,9,0,0,2021-07-01,FY59,,,,,,,,
AX438947,1,0,0,2021-07-01,FY59,,,,,,,,
AX438949,13,0,0,2021-07-01,FY59,,,,,,,,
AX438948,7,0,0,2021-07-01,FY59,,,,,,,,
AX438902,5,0,0,2021-07-01,FY59,,,,,,,,
AX438901,0,0,0.46,2021-07-01,FY59,,,,,,,,
AX438900,7,0,2.23,2021-07-01,FY59,,,,,,,,
AX438903,7,0,2.26,2021-07-01,FY59,,,,,,,,
AX438965,4,0,0,2021-07-01,FY59,,,,,,,,
AX438964,8,0,0,2021-07-01,FY59,,,,,,,,
AX438963,2,0,0,2021-07-01,FY59,,,,,,,,
AX438962,0,0,0.28,2021-07-01,FY59,,,,,,,,
AX438961,6,0,0,2021-07-01,FY59,,,,,,,,
AX438960,8,0,1.31,2021-07-01,FY59,,,,,,,,
AX438958,5,0,0.03,2021-07-01,FY59,,,,,,,,
AX438952,7,0,2.22,2021-07-01,FY59,,,,,,,,
AX438966,9,0,0.62,2021-07-01,FY59,,,,,,,,
AX446911,1,0,1.34,2021-07-01,FY59,,,,,,,,
AX403254,9,0,0.62,2021-07-01,FY59,,,,,,,,
AX439500,7,0,0.55,2021-07-01,FY59,,,,,,,,
AX439004,7,0,0.33,2021-07-01,FY59,,,,,,,,
AX200018,15,0,2.27,2021-07-01,FY59,,,,,,,,
AX900459,7,0,0,2021-07-01,FY59,,,,,,,,
AX206887,1,0,0,2021-07-01,FY59,,,,,,,,
AX215968,3,0,0,2021-07-01,FY59,,,,,,,,
AX215969,1,0,0,2021-07-01,FY59,,,,,,,,
AX224106,0,0,0.68,2021-07-01,FY59,,,,,,,,
AX224107,5,0,0,2021-07-01,FY59,,,,,,,,
AX202300,5,0,0,2021-07-01,FY59,,,,,,,,
AX200738,0,0,1.07,2021-07-01,FY59,,,,,,,,
AX218732,1,0,1.07,2021-07-01,FY59,,,,,,,,
AX324553,0,0,5.52,2021-07-01,FY59,,,,,,,,
AX001854,1,0,0,2021-07-01,FY59,,,,,,,,
AX344641,6,0,0,2021-07-01,FY59,,,,,,,,
AX344640,0,0,0.13,2021-07-01,FY59,,,,,,,,
AX405967,1,0,0,2021-07-01,FY59,,,,,,,,
AE906277,3,0,0,2021-07-01,FY59,,,,,,,,
AE906276,0,0,1.48,2021-07-01,FY59,,,,,,,,
AX110713,1,0,0,2021-07-01,FY59,,,,,,,,
AX011662,16,0,0,2021-07-01,FY59,,,,,,,,
AX104239,0,0,0.17,2021-08-01,FY59,,,,,,,,
AX107948,6,0,0,2021-08-01,FY59,,,,,,,,
AX107949,1,0,0.78,2021-08-01,FY59,,,,,,,,
AX111747,5,0,0,2021-08-01,FY59,,,,,,,,
AX111746,13,0,0,2021-08-01,FY59,,,,,,,,
AX202716,3,0,0.23,2021-08-01,FY59,,,,,,,,
AX202717,6,0,0,2021-08-01,FY59,,,,,,,,
AX230688,7,0,0.41,2021-08-01,FY59,,,,,,,,
AX230689,8,0,0.53,2021-08-01,FY59,,,,,,,,
AX332636,26,0,0,2021-08-01,FY59,,,,,,,,
AX230687,7,0,1.63,2021-08-01,FY59,,,,,,,,
AX326906,9,0,1.32,2021-08-01,FY59,,,,,,,,
AX327306,5,0,0,2021-08-01,FY59,,,,,,,,
AX218730,14,0,0,2021-08-01,FY59,,,,,,,,
AX230827,1,0,0.46,2021-08-01,FY59,,,,,,,,
AX230825,3,0,0,2021-08-01,FY59,,,,,,,,
AX307886,10,0,0.73,2021-08-01,FY59,,,,,,,,
AX214504,1,0,0,2024-04-01,FY62,,,,,,,,
AX908068,2,0,0,2021-08-01,FY59,,,,,,,,
AX220484,0,0,0.56,2021-08-01,FY59,,,,,,,,
AX004479,2,0,0,2021-08-01,FY59,,,,,,,,
AX006404,4,0,0,2021-08-01,FY59,,,,,,,,
AX907813,7,0,2.45,2021-08-01,FY59,,,,,,,,
AX911705,0,0,1.04,2021-08-01,FY59,,,,,,,,
AX007635,0,0,1.36,2021-08-01,FY59,,,,,,,,
AX218738,0,0,1.12,2021-08-01,FY59,,,,,,,,
AX218739,6,0,1.85,2021-08-01,FY59,,,,,,,,
AX332632,3,0,0,2021-08-01,FY59,,,,,,,,
AX335955,8,0,0,2021-08-01,FY59,,,,,,,,
AX335956,11,0,0.24,2021-08-01,FY59,,,,,,,,
AX006997,5,0,1.35,2021-08-01,FY59,,,,,,,,
AX007856,0,0,0.41,2021-08-01,FY59,,,,,,,,
AX011206,7,0,0,2021-08-01,FY59,,,,,,,,
AX013825,6,0,0,2021-08-01,FY59,,,,,,,,
AX013826,13,0,0,2021-08-01,FY59,,,,,,,,
AX015028,8,0,0.77,2021-08-01,FY59,,,,,,,,
AX101026,10,0,0,2021-08-01,FY59,,,,,,,,
AX101027,2,0,0,2021-09-01,FY59,,,,,,,,
AX006237,1,0,0,2021-09-01,FY59,,,,,,,,
AX446669,1,0,0,2021-09-01,FY59,,,,,,,,
AX437080,3,0,0.53,2021-09-01,FY59,,,,,,,,
AX010149,3,0,0.24,2021-09-01,FY59,,,,,,,,
AX331107,2,0,0.67,2021-09-01,FY59,,,,,,,,
AX909485,5,0,0,2021-09-01,FY59,,,,,,,,
AX908978,23,0,0.59,2021-09-01,FY59,,,,,,,,
AX910267,7,0,0.75,2021-09-01,FY59,,,,,,,,
AX910911,4,0,0,2021-09-01,FY59,,,,,,,,
AX912504,6,0,0.86,2021-09-01,FY59,,,,,,,,
AX912505,6,0,0,2021-09-01,FY59,,,,,,,,
AX912741,13,0,1.01,2021-09-01,FY59,,,,,,,,
AX912740,5,0,0,2021-09-01,FY59,,,,,,,,
AX905948,6,0,0,2021-09-01,FY59,,,,,,,,
AX906173,3,0,0,2021-09-01,FY59,,,,,,,,
AX212936,5,0,0,2021-09-01,FY59,,,,,,,,
AX222836,4,0,0,2021-09-01,FY59,,,,,,,,
AX347457,7,0,0.65,2021-09-01,FY59,,,,,,,,
AX347469,5,0,0,2021-09-01,FY59,,,,,,,,
AX401996,5,0,0.5,2021-09-01,FY59,,,,,,,,
AX401992,3,0,0,2021-09-01,FY59,,,,,,,,
AX414507,8,0,1.08,2021-09-01,FY59,,,,,,,,
AX414508,2,0,0.7,2021-09-01,FY59,,,,,,,,
AX447244,2,0,0.59,2021-09-01,FY59,,,,,,,,
AX441537,6,0,0,2021-09-01,FY59,,,,,,,,
AX231641,18,0,0,2021-09-01,FY59,,,,,,,,
AX405359,6,0,0,2021-09-01,FY59,,,,,,,,
AX405335,6,0,0,2021-09-01,FY59,,,,,,,,
AX408323,6,0,1.93,2021-09-01,FY59,,,,,,,,
AX441143,3,0,0,2021-09-01,FY59,,,,,,,,
AX208386,12,0,0,2021-09-01,FY59,,,,,,,,
AX221233,0,0,6.73,2021-09-01,FY59,,,,,,,,
AX228429,2,0,0.69,2021-09-01,FY59,,,,,,,,
AX307887,25,0,0,2021-09-01,FY59,,,,,,,,
AX342047,2,0,0,2021-09-01,FY59,,,,,,,,
AX340408,0,0,0.49,2021-09-01,FY59,,,,,,,,
AX411585,8,0,0,2021-09-01,FY59,,,,,,,,
AX905648,4,0,0,2021-09-01,FY59,,,,,,,,
AX006708,0,0,1.87,2021-09-01,FY59,,,,,,,,
AX010480,0,0,1.5,2021-09-01,FY59,,,,,,,,
AX012218,11,0,0,2021-09-01,FY59,,,,,,,,
AX010272,5,0,0,2021-09-01,FY59,,,,,,,,
AX010034,1,0,0,2021-09-01,FY59,,,,,,,,
AX121031,6,0,0,2021-09-01,FY59,,,,,,,,
AX121030,5,0,0,2021-09-01,FY59,,,,,,,,
AX120734,4,0,0.72,2021-09-01,FY59,,,,,,,,
AX230363,0,0,1.03,2021-09-01,FY59,,,,,,,,
AX403849,0,0,1.1,2021-09-01,FY59,,,,,,,,
AX403850,0,0,1.71,2021-09-01,FY59,,,,,,,,
AX900739,9,0,0,2021-09-01,FY59,,,,,,,,
AX107677,8,0,0,2021-09-01,FY59,,,,,,,,
AX416104,1,0,0,2021-09-01,FY59,,,,,,,,
AX425646,6,0,1,2021-09-01,FY59,,,,,,,,
AX426618,8,0,0,2021-09-01,FY59,,,,,,,,
AX208079,6,0,0,2021-09-01,FY59,,,,,,,,
AX324812,6,0,0,2021-09-01,FY59,,,,,,,,
AX345151,2,0,0,2021-09-01,FY59,,,,,,,,
AX345150,4,0,0,2021-09-01,FY59,,,,,,,,
AX342050,3,0,0.66,2021-10-01,FY59,,,,,,,,
AX356568,0,0,2.8,2021-10-01,FY59,,,,,,,,
AX360619,3,0,0,2021-10-01,FY59,,,,,,,,
AX405162,6,0,0,2021-10-01,FY59,,,,,,,,
AX411583,3,0,0.66,2021-10-01,FY59,,,,,,,,
AX410590,5,0,0,2021-10-01,FY59,,,,,,,,
AX413094,1,0,2.18,2021-10-01,FY59,,,,,,,,
AX414754,8,0,0,2021-10-01,FY59,,,,,,,,
AX313783,12,0,0,2021-10-01,FY59,,,,,,,,
AX216251,0,0,0.96,2021-10-01,FY59,,,,,,,,
AX225874,2,0,0,2021-10-01,FY59,,,,,,,,
AT231215,6,0,0.53,2021-10-01,FY59,,,,,,,,
AX231348,6,0,0,2021-10-01,FY59,,,,,,,,
AX313182,5,0,0,2021-10-01,FY59,,,,,,,,
AX311573,12,0,0,2021-10-01,FY59,,,,,,,,
AX315627,2,0,0,2021-10-01,FY59,,,,,,,,
AX311574,6,0,0.48,2021-10-01,FY59,,,,,,,,
AX328969,11,0,0.32,2021-10-01,FY59,,,,,,,,
AX325653,8,0,0,2021-10-01,FY59,,,,,,,,
AX356406,3,0,0,2021-10-01,FY59,,,,,,,,
AX415409,1,0,2.22,2021-10-01,FY59,,,,,,,,
AX423782,11,0,0.51,2021-10-01,FY59,,,,,,,,
AX439095,7,0,0,2021-10-01,FY59,,,,,,,,
AX420054,6,0,0,2021-10-01,FY59,,,,,,,,
AX440166,1,0,0,2021-10-01,FY59,,,,,,,,
AX443764,5,0,0,2021-10-01,FY59,,,,,,,,
AX445127,4,0,0,2021-10-01,FY59,,,,,,,,
AX311540,9,0,1.23,2021-10-01,FY59,,,,,,,,
AX304844,6,0,0,2021-10-01,FY59,,,,,,,,
AX009947,1,0,2.15,2021-10-01,FY59,,,,,,,,
AX010298,5,0,0.31,2021-10-01,FY59,,,,,,,,
AX405969,3,0,0.82,2021-10-01,FY59,,,,,,,,
AX002850,2,0,1.17,2021-10-01,FY59,,,,,,,,
AX002996,0,0,0.72,2021-10-01,FY59,,,,,,,,
AX005987,1,0,2.49,2021-10-01,FY59,,,,,,,,
AX319443,6,0,0,2021-10-01,FY59,,,,,,,,
AX319444,1,0,0,2021-10-01,FY59,,,,,,,,
AX909104,6,0,0,2021-10-01,FY59,,,,,,,,
AX908586,0,0,0.57,2021-10-01,FY59,,,,,,,,
AX910256,3,0,0,2021-10-01,FY59,,,,,,,,
AX909968,0,0,0.18,2021-10-01,FY59,,,,,,,,
AX911980,3,0,0,2021-10-01,FY59,,,,,,,,
AX006811,5,0,0,2021-10-01,FY59,,,,,,,,
AX008810,3,0,0,2021-10-01,FY59,,,,,,,,
AX100513,0,0,0.4,2021-10-01,FY59,,,,,,,,
AX014131,1,0,0,2021-10-01,FY59,,,,,,,,
AX359758,4,0,0,2021-10-01,FY59,,,,,,,,
AX013827,0,0,7.33,2021-10-01,FY59,,,,,,,,
AX330650,43,0,0,2021-10-01,FY59,,,,,,,,
AX000331,6,0,0,2021-10-01,FY59,,,,,,,,
AX901084,0,0,0.64,2021-10-01,FY59,,,,,,,,
AX905844,5,0,0.55,2021-10-01,FY59,,,,,,,,
AX906188,5,0,0.55,2021-10-01,FY59,,,,,,,,
AX907923,5,0,0.32,2021-10-01,FY59,,,,,,,,
AX913860,19,0,0,2021-10-01,FY59,,,,,,,,
AX910377,2,0,0,2021-10-01,FY59,,,,,,,,
AX110041,2,0,0,2021-10-01,FY59,,,,,,,,
AX112777,3,0,0,2021-10-01,FY59,,,,,,,,
AX114446,0,0,2.31,2021-11-01,FY59,,,,,,,,
AX114447,7,0,1.12,2021-11-01,FY59,,,,,,,,
AX125437,4,0,0,2021-11-01,FY59,,,,,,,,
AX125438,3,0,0,2021-11-01,FY59,,,,,,,,
AX127576,7,0,2.99,2021-11-01,FY59,,,,,,,,
AX202375,7,0,2.19,2021-11-01,FY59,,,,,,,,
AX202376,11,0,1.42,2021-11-01,FY59,,,,,,,,
AX201272,0,0,2.54,2021-11-01,FY59,,,,,,,,
AX201271,1,0,0,2021-11-01,FY59,,,,,,,,
AX202377,4,0,0,2021-11-01,FY59,,,,,,,,
AX200017,1,0,0,2021-11-01,FY59,,,,,,,,
AX202374,6,0,0,2021-11-01,FY59,,,,,,,,
AX209341,0,0,3.35,2021-11-01,FY59,,,,,,,,
AX210942,6,0,0.66,2021-11-01,FY59,,,,,,,,
AX210943,1,0,0.78,2021-11-01,FY59,,,,,,,,
AX213589,6,0,0,2021-11-01,FY59,,,,,,,,
AX213590,6,0,0,2021-11-01,FY59,,,,,,,,
AX213591,10,0,0.77,2021-11-01,FY59,,,,,,,,
AX213592,6,0,0.24,2021-11-01,FY59,,,,,,,,
AX218735,2,0,0,2021-11-01,FY59,,,,,,,,
AX218734,10,0,0,2021-11-01,FY59,,,,,,,,
AX218733,7,0,0.8,2021-11-01,FY59,,,,,,,,
AX218257,0,0,2.43,2021-11-01,FY59,,,,,,,,
AX218258,6,0,0,2021-11-01,FY59,,,,,,,,
AX217791,1,0,1.03,2021-11-01,FY59,,,,,,,,
AX217792,0,0,2.07,2021-11-01,FY59,,,,,,,,
AX229964,4,0,0,2021-11-01,FY59,,,,,,,,
AX229962,6,0,0.54,2021-11-01,FY59,,,,,,,,
AX229963,5,0,0.58,2021-11-01,FY59,,,,,,,,
AX229965,7,0,0,2021-11-01,FY59,,,,,,,,
AX326343,4,0,0,2021-11-01,FY59,,,,,,,,
AX326344,1,0,0,2021-11-01,FY59,,,,,,,,
AX326346,1,0,0.55,2021-11-01,FY59,,,,,,,,
AX231639,6,0,0.21,2021-11-01,FY59,,,,,,,,
AX231640,0,0,0.49,2021-11-01,FY59,,,,,,,,
AX326345,4,0,1.16,2021-11-01,FY59,,,,,,,,
AX304261,4,0,0,2021-11-01,FY59,,,,,,,,
AX304262,7,0,0.66,2021-11-01,FY59,,,,,,,,
AX304263,0,0,6.56,2021-11-01,FY59,,,,,,,,
AX330430,7,0,0.65,2021-11-01,FY59,,,,,,,,
AX332634,6,0,0.54,2021-11-01,FY59,,,,,,,,
AX332633,7,0,0.43,2021-11-01,FY59,,,,,,,,
AX335951,7,0,0.65,2021-11-01,FY59,,,,,,,,
AX362764,15,0,0,2021-11-01,FY59,,,,,,,,
AX404707,1,0,0,2021-11-01,FY59,,,,,,,,
AX404706,8,0,0,2021-11-01,FY59,,,,,,,,
AX404691,7,0,0.44,2021-11-01,FY59,,,,,,,,
AX409939,6,0,0.54,2021-11-01,FY59,,,,,,,,
AX411823,8,0,0,2021-11-01,FY59,,,,,,,,
AX335953,12,0,0,2021-11-01,FY59,,,,,,,,
AX335954,6,0,0,2021-12-01,FY59,,,,,,,,
AX335959,0,0,0.1,2021-12-01,FY59,,,,,,,,
AX335960,0,0,2.41,2021-12-01,FY59,,,,,,,,
AX353943,6,0,0,2021-12-01,FY59,,,,,,,,
AX444649,8,0,0.57,2021-12-01,FY59,,,,,,,,
AX441817,8,0,0,2021-12-01,FY59,,,,,,,,
AX900753,11,0,0.78,2021-12-01,FY59,,,,,,,,
AX442372,6,0,0.54,2021-12-01,FY59,,,,,,,,
AX410911,17,0,1.07,2021-12-01,FY59,,,,,,,,
AX005089,2,0,0,2021-12-01,FY59,,,,,,,,
AX005058,8,0,0.55,2021-12-01,FY59,,,,,,,,
AX902675,8,0,0,2021-12-01,FY59,,,,,,,,
AX323329,0,0,1.64,2021-12-01,FY59,,,,,,,,
AX005694,8,0,0,2021-12-01,FY59,,,,,,,,
AX005456,0,0,0.17,2021-12-01,FY59,,,,,,,,
AX006018,2,0,0,2021-12-01,FY59,,,,,,,,
AX006983,8,0,0,2021-12-01,FY59,,,,,,,,
AX008878,18,0,0,2021-12-01,FY59,,,,,,,,
AX908609,2,0,1.09,2021-12-01,FY59,,,,,,,,
AX907880,1,0,0,2021-12-01,FY59,,,,,,,,
AX902774,1,0,0.57,2021-12-01,FY59,,,,,,,,
AX900519,1,0,0,2021-12-01,FY59,,,,,,,,
AX306571,8,0,0.63,2021-12-01,FY59,,,,,,,,
AX007963,4,0,0,2021-12-01,FY59,,,,,,,,
AX330440,1,0,0,2021-12-01,FY59,,,,,,,,
AX003422,6,0,0,2021-12-01,FY59,,,,,,,,
AX441816,14,0,1.01,2021-12-01,FY59,,,,,,,,
AX910445,0,0,0.61,2021-12-01,FY59,,,,,,,,
AX911706,0,0,0.11,2021-12-01,FY59,,,,,,,,
AX913596,2,0,1.96,2021-12-01,FY59,,,,,,,,
AX913558,6,0,0,2021-12-01,FY59,,,,,,,,
AX003504,0,0,6.97,2021-12-01,FY59,,,,,,,,
AX003503,3,0,0,2021-12-01,FY59,,,,,,,,
AX004042,1,0,0,2021-12-01,FY59,,,,,,,,
AX004027,0,0,1.06,2021-12-01,FY59,,,,,,,,
AX104235,7,0,0.81,2021-12-01,FY59,,,,,,,,
AX104236,1,0,0,2021-12-01,FY59,,,,,,,,
AX118795,0,0,0.44,2021-12-01,FY59,,,,,,,,
AX000884,9,0,0,2021-12-01,FY59,,,,,,,,
AX005412,1,0,0.48,2021-12-01,FY59,,,,,,,,
AX910452,4,0,0,2021-12-01,FY59,,,,,,,,
AX912532,4,0,0,2021-12-01,FY59,,,,,,,,
AX912533,2,0,0,2021-12-01,FY59,,,,,,,,
AX914023,3,0,0,2021-12-01,FY59,,,,,,,,
AX914024,5,0,0.67,2022-01-01,FY59,,,,,,,,
AX000496,5,0,0.67,2022-01-01,FY59,,,,,,,,
AX000497,5,0,0.67,2022-01-01,FY59,,,,,,,,
AX010868,0,0,2.86,2022-01-01,FY59,,,,,,,,
AX012985,6,0,0,2022-01-01,FY59,,,,,,,,
AX105031,6,0,0,2022-01-01,FY59,,,,,,,,
AX127578,2,0,0,2022-01-01,FY59,,,,,,,,
AX218255,1,0,0,2022-01-01,FY59,,,,,,,,
AX004259,1,0,0,2024-04-01,FY62,,,,,,,,
AX004258,10,0,1.11,2022-01-01,FY59,,,,,,,,
AX406935,4,0,0.55,2022-01-01,FY59,,,,,,,,
AX004604,5,0,0.29,2022-01-01,FY59,,,,,,,,
AX009724,5,0,0.48,2022-01-01,FY59,,,,,,,,
AX013922,4,0,0.6,2022-01-01,FY59,,,,,,,,
AX013927,5,0,0.35,2022-01-01,FY59,,,,,,,,
AX115667,10,0,1.19,2022-01-01,FY59,,,,,,,,
AX115669,2,0,0,2022-01-01,FY59,,,,,,,,
AX913595,2,0,0.86,2022-01-01,FY59,,,,,,,,
AX913557,5,0,0,2022-01-01,FY59,,,,,,,,
AX001638,10,0,0,2022-01-01,FY59,,,,,,,,
AX004026,1,0,0,2022-01-01,FY59,,,,,,,,
AX003499,7,0,0,2022-01-01,FY59,,,,,,,,
AX004257,2,0,0,2022-01-01,FY59,,,,,,,,
AX118796,8,0,0,2022-01-01,FY59,,,,,,,,
AX000206,8,0,0,2022-01-01,FY59,,,,,,,,
AX231340,5,0,0.54,2022-01-01,FY59,,,,,,,,
AX324751,10,0,0,2022-01-01,FY59,,,,,,,,
AX324752,5,0,0.45,2022-01-01,FY59,,,,,,,,
AX004781,4,0,0.67,2022-01-01,FY59,,,,,,,,
AX127579,9,0,0.45,2022-01-01,FY59,,,,,,,,
AX005744,0,0,0,2022-01-01,FY59,,,,,,,,
AX006905,1,0,0,2022-01-01,FY59,,,,,,,,
AX014130,8,0,0.05,2022-01-01,FY59,,,,,,,,
AX113575,2,0,1.6,2022-01-01,FY59,,,,,,,,
AX011576,11,0,0,2022-01-01,FY59,,,,,,,,
AX009100,9,0,0.2,2022-01-01,FY59,,,,,,,,
AX002380,3,0,2.01,2022-01-01,FY59,,,,,,,,
AX900920,9,0,0,2022-01-01,FY59,,,,,,,,
AX906008,4,0,0,2022-01-01,FY59,,,,,,,,
AX910434,1,0,0.66,2022-02-01,FY59,,,,,,,,
AX910435,5,0,0,2022-02-01,FY59,,,,,,,,
AX914200,16,0,0.7,2022-02-01,FY59,,,,,,,,
AX914201,8,0,0,2022-02-01,FY59,,,,,,,,
AX001268,5,0,0.34,2022-02-01,FY59,,,,,,,,
AX001267,0,0,1.12,2022-02-01,FY59,,,,,,,,
AX001710,27,0,0,2022-02-01,FY59,,,,,,,,
AX001709,0,0,0.5,2022-02-01,FY59,,,,,,,,
AX003512,16,0,0,2022-02-01,FY59,,,,,,,,
AX002020,1,0,0,2022-02-01,FY59,,,,,,,,
AX324317,5,0,0.67,2022-02-01,FY59,,,,,,,,
AX314478,5,0,0.67,2022-02-01,FY59,,,,,,,,
AX362509,5,0,0.57,2022-02-01,FY59,,,,,,,,
AX123054,3,0,0,2022-02-01,FY59,,,,,,,,
AX127575,5,0,0.56,2022-02-01,FY59,,,,,,,,
AX114448,1,0,0,2022-02-01,FY59,,,,,,,,
AX114450,4,0,0,2022-02-01,FY59,,,,,,,,
AX118799,4,0,0,2022-02-01,FY59,,,,,,,,
AX126071,1,0,0,2022-02-01,FY59,,,,,,,,
AX218254,4,0,0,2022-02-01,FY59,,,,,,,,
AX307888,5,0,0.34,2022-02-01,FY59,,,,,,,,
AX332631,12,0,0,2022-02-01,FY59,,,,,,,,
AX335950,8,0,0,2022-02-01,FY59,,,,,,,,
AX436807,6,0,0,2022-02-01,FY59,,,,,,,,
AX309798,4,0,0,2022-02-01,FY59,,,,,,,,
AX203156,4,0,0,2022-02-01,FY59,,,,,,,,
AX009204,1,0,0.26,2022-02-01,FY59,,,,,,,,
AX002998,9,0,0,2022-02-01,FY59,,,,,,,,
AX007171,6,0,0,2022-02-01,FY59,,,,,,,,
AX913166,6,0,0,2022-02-01,FY59,,,,,,,,
AX111186,9,0,0,2022-02-01,FY59,,,,,,,,
AX111226,6,0,0,2022-02-01,FY59,,,,,,,,
AX110040,2,0,0,2022-02-01,FY59,,,,,,,,
AX111227,15,0,0.99,2022-02-01,FY59,,,,,,,,
AX111183,12,0,1.83,2022-02-01,FY59,,,,,,,,
AX111184,1,0,0,2024-04-01,FY62,,,,,,,,
AX914046,2,0,0,2022-02-01,FY59,,,,,,,,
AX200013,4,0,0,2022-02-01,FY59,,,,,,,,
AX114451,2,0,0.36,2022-02-01,FY59,,,,,,,,
AX900861,2,0,0,2022-02-01,FY59,,,,,,,,
AX811181,5,0,0,2022-02-01,FY59,,,,,,,,
AX909172,3,0,0,2022-02-01,FY59,,,,,,,,
AX911963,0,0,0.35,2022-02-01,FY59,,,,,,,,
AX000183,2,0,0,2022-02-01,FY59,,,,,,,,
AX005535,0,0,1.06,2022-02-01,FY59,,,,,,,,
AX005370,17,0,1.08,2022-02-01,FY59,,,,,,,,
AX005743,1,0,0,2022-02-01,FY59,,,,,,,,
AX005371,4,0,0,2022-02-01,FY59,,,,,,,,
AX008740,4,0,0,2022-02-01,FY59,,,,,,,,
AX008434,0,0,0.26,2022-02-01,FY59,,,,,,,,
AX011667,7,0,1.08,2022-02-01,FY59,,,,,,,,
AX012145,10,0,0,2022-02-01,FY59,,,,,,,,
AX014784,1,0,0,2022-02-01,FY59,,,,,,,,
AX014049,0,0,0.27,2022-02-01,FY59,,,,,,,,
AX015477,7,0,0.32,2022-02-01,FY59,,,,,,,,
AX101990,0,0,0.34,2022-02-01,FY59,,,,,,,,
AX106439,6,0,0,2022-02-01,FY59,,,,,,,,
AX105529,0,0,0.35,2022-02-01,FY59,,,,,,,,
AX112252,0,0,0.85,2022-02-01,FY59,,,,,,,,
AX112779,0,0,0.35,2022-02-01,FY59,,,,,,,,
AX115666,0,0,0.66,2022-02-01,FY59,,,,,,,,
AX210952,0,0,0.7,2022-02-01,FY59,,,,,,,,
AX210951,2,0,0,2022-02-01,FY59,,,,,,,,
AX214231,1,0,0,2022-02-01,FY59,,,,,,,,
AX214230,7,0,0,2022-02-01,FY59,,,,,,,,
AX203275,4,0,0,2022-02-01,FY59,,,,,,,,
AX347456,1,0,0,2022-02-01,FY59,,,,,,,,
AX401994,1,0,0,2022-02-01,FY59,,,,,,,,
AX414973,1,0,0,2022-02-01,FY59,,,,,,,,
AX347455,7,0,1.2,2022-02-01,FY59,,,,,,,,
AX401993,21,0,0,2022-03-01,FY59,,,,,,,,
AX414972,1,0,0,2022-03-01,FY59,,,,,,,,
AX415250,0,0,2.52,2022-03-01,FY59,,,,,,,,
AX444652,0,0,2.64,2022-03-01,FY59,,,,,,,,
AX415251,0,0,1.7,2022-03-01,FY59,,,,,,,,
AX446366,1,0,2.26,2022-03-01,FY59,,,,,,,,
AX444651,3,0,0.98,2022-03-01,FY59,,,,,,,,
AX124535,0,0,1.85,2022-03-01,FY59,,,,,,,,
AX911741,7,0,0.76,2022-03-01,FY59,,,,,,,,
AX904170,1,0,0,2022-03-01,FY59,,,,,,,,
AX202710,2,0,0,2024-05-01,FY62,,,,,,,,
AX115678,6,0,0.7,2022-03-01,FY59,,,,,,,,
AX319439,0,0,0.78,2022-03-01,FY59,,,,,,,,
AX415247,7,0,0.78,2022-03-01,FY59,,,,,,,,
AX415248,0,0,0.89,2022-03-01,FY59,,,,,,,,
AX901457,1,0,0.86,2022-03-01,FY59,,,,,,,,
AX903647,13,0,0,2022-03-01,FY59,,,,,,,,
AX107764,0,0,0.15,2022-03-01,FY59,,,,,,,,
AX010148,6,0,0,2022-03-01,FY59,,,,,,,,
AX010481,0,0,0.53,2022-03-01,FY59,,,,,,,,
AX907426,0,0,2.29,2022-03-01,FY59,,,,,,,,
AX908580,0,0,1.28,2022-03-01,FY59,,,,,,,,
AX103392,0,0,1.11,2022-03-01,FY59,,,,,,,,
AX220881,7,0,0.79,2022-03-01,FY59,,,,,,,,
AX220880,0,0,1.38,2022-03-01,FY59,,,,,,,,
AX221575,3,0,0,2022-03-01,FY59,,,,,,,,
AX221574,7,0,0.32,2022-03-01,FY59,,,,,,,,
AX323669,4,0,0,2022-03-01,FY59,,,,,,,,
AX337088,25,0,0,2022-03-01,FY59,,,,,,,,
AX337087,3,0,0,2022-03-01,FY59,,,,,,,,
AX337089,8,0,0,2022-03-01,FY59,,,,,,,,
AX337090,8,0,0,2022-03-01,FY59,,,,,,,,
AX337086,12,0,0,2022-03-01,FY59,,,,,,,,
AX007633,0,0,2.53,2022-03-01,FY59,,,,,,,,
AX009690,3,0,0,2022-03-01,FY59,,,,,,,,
AX011581,1,0,0,2024-05-01,FY62,,,,,,,,
AX012986,9,0,2.27,2022-03-01,FY59,,,,,,,,
AX011972,3,0,0,2022-03-01,FY59,,,,,,,,
AX012651,1,0,0,2022-03-01,FY59,,,,,,,,
AX013313,3,0,0,2022-03-01,FY59,,,,,,,,
AX013395,1,0,2.62,2022-03-01,FY59,,,,,,,,
AX101025,3,0,0,2022-03-01,FY59,,,,,,,,
AX103415,11,0,1.1,2022-03-01,FY59,,,,,,,,
AX112243,6,0,0,2022-03-01,FY59,,,,,,,,
AX114534,4,0,0,2022-03-01,FY59,,,,,,,,
AX118801,0,0,2.11,2022-03-01,FY59,,,,,,,,
AX207160,6,0,0,2022-04-01,FY60,,,,,,,,
AX210283,6,0,2.6,2022-04-01,FY60,,,,,,,,
AX811180,3,0,0,2022-04-01,FY60,,,,,,,,
AX902514,0,0,2.14,2022-04-01,FY60,,,,,,,,
AX910085,11,0,0,2022-04-01,FY60,,,,,,,,
AX003467,15,0,0.72,2022-04-01,FY60,,,,,,,,
AX011445,6,0,0,2022-04-01,FY60,,,,,,,,
AX101475,3,0,0,2022-04-01,FY60,,,,,,,,
AX211951,4,0,0,2022-04-01,FY60,,,,,,,,
AX910084,12,0,0.77,2022-04-01,FY60,,,,,,,,
AX005057,4,0,0,2022-04-01,FY60,,,,,,,,
AX222280,4,0,0,2022-04-01,FY60,,,,,,,,
AX007105,6,0,0.54,2022-04-01,FY60,,,,,,,,
AX903418,6,0,0,2022-04-01,FY60,,,,,,,,
AX913943,15,0,0.7,2022-04-01,FY60,,,,,,,,
AX913164,15,0,0.71,2022-04-01,FY60,,,,,,,,
AX914522,2,0,1,2022-04-01,FY60,,,,,,,,
AX001001,0,0,2.45,2022-04-01,FY60,,,,,,,,
AX410591,15,0,0.77,2022-04-01,FY60,,,,,,,,
AX411310,7,0,0.7,2022-04-01,FY60,,,,,,,,
AX410592,11,0,1,2022-04-01,FY60,,,,,,,,
AX904262,6,0,0,2022-04-01,FY60,,,,,,,,
AX904308,2,0,0,2022-04-01,FY60,,,,,,,,
AX904261,6,0,0,2022-04-01,FY60,,,,,,,,
AX904260,7,0,2.58,2022-04-01,FY60,,,,,,,,
AX904263,8,0,0.71,2022-04-01,FY60,,,,,,,,
AX905701,4,0,0,2022-04-01,FY60,,,,,,,,
AX906032,2,0,0,2022-04-01,FY60,,,,,,,,
AX907400,3,0,2.15,2022-04-01,FY60,,,,,,,,
AX909316,7,0,2.3,2022-04-01,FY60,,,,,,,,
AX909644,7,0,2.43,2022-04-01,FY60,,,,,,,,
AX912976,9,0,1.43,2022-04-01,FY60,,,,,,,,
AX912830,0,0,1.01,2022-04-01,FY60,,,,,,,,
AX912977,0,0,2.87,2022-04-01,FY60,,,,,,,,
AX000385,0,0,2.07,2022-04-01,FY60,,,,,,,,
AX008880,14,0,0,2022-04-01,FY60,,,,,,,,
AX008879,4,0,0,2022-04-01,FY60,,,,,,,,
AX100457,3,0,0.2,2022-04-01,FY60,,,,,,,,
AX110397,0,0,0.51,2022-04-01,FY60,,,,,,,,
AX110396,6,0,0,2022-04-01,FY60,,,,,,,,
AX110394,0,0,1.23,2022-04-01,FY60,,,,,,,,
AX911704,9,0,0,2022-04-01,FY60,,,,,,,,
AX000785,0,0,0.21,2022-04-01,FY60,,,,,,,,
AX000384,0,0,3.55,2022-04-01,FY60,,,,,,,,
AX000784,0,0,0.75,2022-04-01,FY60,,,,,,,,
AX000903,4,0,0,2022-04-01,FY60,,,,,,,,
AX001903,0,0,3.97,2022-04-01,FY60,,,,,,,,
AX016159,3,0,0,2024-06-01,FY62,,,,,,,,
AX101394,2,0,0,2022-04-01,FY60,,,,,,,,
AX103410,5,0,0.51,2022-05-01,FY60,,,,,,,,
AX006687,10,0,0,2022-05-01,FY60,,,,,,,,
AX112954,0,0,1.36,2022-05-01,FY60,,,,,,,,
AX211452,4,0,0.64,2022-05-01,FY60,,,,,,,,
AX902843,1,0,0.66,2022-05-01,FY60,,,,,,,,
AX904171,0,0,0.29,2022-05-01,FY60,,,,,,,,
AX906302,0,0,3.37,2022-05-01,FY60,,,,,,,,
AX908042,0,0,2.78,2022-05-01,FY60,,,,,,,,
AX908043,5,0,0,2022-05-01,FY60,,,,,,,,
AX909353,0,0,1.46,2022-05-01,FY60,,,,,,,,
AX909225,0,0,0.27,2022-05-01,FY60,,,,,,,,
AX910213,0,0,0.67,2022-05-01,FY60,,,,,,,,
AX910790,0,0,2.49,2022-05-01,FY60,,,,,,,,
AX909352,0,0,0.59,2022-05-01,FY60,,,,,,,,
AX910214,4,0,0,2022-05-01,FY60,,,,,,,,
AX910215,4,0,0,2022-05-01,FY60,,,,,,,,
AX912738,1,0,0,2022-05-01,FY60,,,,,,,,
AX912739,9,0,0,2022-05-01,FY60,,,,,,,,
AX912737,9,0,0,2022-05-01,FY60,,,,,,,,
AX002378,2,0,0,2024-06-01,FY62,,,,,,,,
AX011207,3,0,0,2022-05-01,FY60,,,,,,,,
AX013316,6,0,0,2022-05-01,FY60,,,,,,,,
AX900891,9,0,0,2022-05-01,FY60,,,,,,,,
AX903416,9,0,0,2022-05-01,FY60,,,,,,,,
AX905146,5,0,0,2024-06-01,FY62,,,,,,,,
AX444650,2,0,0,2022-05-01,FY60,,,,,,,,
AX904213,2,0,0.44,2022-05-01,FY60,,,,,,,,
AX904477,2,0,0.44,2022-05-01,FY60,,,,,,,,
AX905567,6,0,1.61,2022-05-01,FY60,,,,,,,,
AX905566,6,0,1.34,2022-05-01,FY60,,,,,,,,
AX007632,8,0,0,2022-05-01,FY60,,,,,,,,
AX011638,7,0,0.86,2022-05-01,FY60,,,,,,,,
AX104234,7,0,0.68,2022-05-01,FY60,,,,,,,,
AX114452,4,0,0,2022-05-01,FY60,,,,,,,,
AX120123,4,0,0,2022-05-01,FY60,,,,,,,,
AX012984,5,0,0.67,2022-05-01,FY60,,,,,,,,
AX401991,0,0,3.68,2022-05-01,FY60,,,,,,,,
AX442371,0,0,0.38,2022-05-01,FY60,,,,,,,,
AX405968,2,0,0,2022-05-01,FY60,,,,,,,,
AX903417,4,0,0,2022-05-01,FY60,,,,,,,,
AX905706,6,0,1.24,2022-06-01,FY60,,,,,,,,
AX905033,19,0,0,2022-06-01,FY60,,,,,,,,
AX906935,5,0,0,2022-06-01,FY60,,,,,,,,
AX907650,6,0,0,2022-06-01,FY60,,,,,,,,
AX908287,6,0,0,2022-06-01,FY60,,,,,,,,
AX910065,10,0,0,2022-06-01,FY60,,,,,,,,
AX912471,38,0,0,2022-06-01,FY60,,,,,,,,
AX913516,2,0,0,2022-06-01,FY60,,,,,,,,
AX914455,5,0,0,2022-06-01,FY60,,,,,,,,
AX002387,3,0,0,2022-06-01,FY60,,,,,,,,
AX003643,6,0,0.54,2022-06-01,FY60,,,,,,,,
AX004541,6,0,0.29,2022-06-01,FY60,,,,,,,,
AX005281,0,0,0.82,2022-06-01,FY60,,,,,,,,
AX006620,0,0,2.72,2022-06-01,FY60,,,,,,,,
AX007744,4,0,0,2022-06-01,FY60,,,,,,,,
AX008482,6,0,0,2022-06-01,FY60,,,,,,,,
AX009652,4,0,0,2022-06-01,FY60,,,,,,,,
AX011580,4,0,0,2022-06-01,FY60,,,,,,,,
AX010757,6,0,0,2022-06-01,FY60,,,,,,,,
AX012643,5,0,0,2022-06-01,FY60,,,,,,,,
AX013171,9,0,0,2022-06-01,FY60,,,,,,,,
AX015709,8.36,0,0,2024-07-01,FY62,,,,,,,,
AX101000,1,0,1.29,2022-06-01,FY60,,,,,,,,
AX103149,4,0,0,2022-06-01,FY60,,,,,,,,
AX104834,2,0,0,2022-06-01,FY60,,,,,,,,
AX104835,5,0,1.21,2022-06-01,FY60,,,,,,,,
AX108921,1,0,0,2024-07-01,FY62,,,,,,,,
AX111758,0,0,0.84,2022-06-01,FY60,,,,,,,,
AX110233,7,0,0,2022-06-01,FY60,,,,,,,,
AX113576,8,0,0,2022-06-01,FY60,,,,,,,,
AX117350,6,0,0.35,2022-06-01,FY60,,,,,,,,
AX900890,2,0,0.39,2022-06-01,FY60,,,,,,,,
AX903415,5,0,0,2022-06-01,FY60,,,,,,,,
AX429095,2,0,0,2022-06-01,FY60,,,,,,,,
AX429046,2,0,0,2022-06-01,FY60,,,,,,,,
AX429045,2,0,0.38,2022-06-01,FY60,,,,,,,,
AX429044,6,0,0.35,2022-06-01,FY60,,,,,,,,
AX434990,0,0,3.28,2022-06-01,FY60,,,,,,,,
AX434989,6,0,0,2022-06-01,FY60,,,,,,,,
AX434988,6,0,2.52,2022-06-01,FY60,,,,,,,,
AX120968,2,0,1.03,2022-06-01,FY60,,,,,,,,
AX204841,2,0,0.76,2022-06-01,FY60,,,,,,,,
AX204842,4,0,0,2022-06-01,FY60,,,,,,,,
AX207876,10,0,0,2022-06-01,FY60,,,,,,,,
AX902220,5,0,0.59,2022-06-01,FY60,,,,,,,,
AX004039,6,0,0,2022-06-01,FY60,,,,,,,,
AX008401,9,0,0,2022-06-01,FY60,,,,,,,,
AX120967,6,0,2.33,2022-06-01,FY60,,,,,,,,
AX208670,9,0,0,2022-06-01,FY60,,,,,,,,
AX904312,0,0,0.31,2022-06-01,FY60,,,,,,,,
AX905261,5,0,0,2022-06-01,FY60,,,,,,,,
AX213588,2,0,2.63,2022-06-01,FY60,,,,,,,,
AX003690,8,0,0,2022-06-01,FY60,,,,,,,,
AX006764,8,0,1.46,2022-06-01,FY60,,,,,,,,
AX006763,4,0,0,2022-06-01,FY60,,,,,,,,
AX002234,4,0,0,2022-06-01,FY60,,,,,,,,
AX444928,6,0,2.41,2022-06-01,FY60,,,,,,,,
AX444929,2,0,0,2022-06-01,FY60,,,,,,,,
AX204146,6.36,0,0,2024-07-01,FY62,,,,,,,,
AX439496,2,0,0,2022-07-01,FY60,,,,,,,,
AX810519,2,0,0,2024-07-01,FY62,,,,,,,,
AX902125,8,0,0,2022-07-01,FY60,,,,,,,,
AX902124,5,0,0.08,2022-07-01,FY60,,,,,,,,
AX809592,3,0,0,2022-07-01,FY60,,,,,,,,
AX902314,7,0,0,2022-07-01,FY60,,,,,,,,
AX905599,4,0,0,2022-07-01,FY60,,,,,,,,
AX905601,2,0,0,2022-07-01,FY60,,,,,,,,
AX906195,3,0,0,2022-07-01,FY60,,,,,,,,
AX907429,3,0,0,2022-07-01,FY60,,,,,,,,
AX907141,4,0,0,2022-07-01,FY60,,,,,,,,
AX907879,3,0,0,2022-07-01,FY60,,,,,,,,
AX911520,2,0,0,2022-07-01,FY60,,,,,,,,
AX911519,1,0,1.9,2022-07-01,FY60,,,,,,,,
AX913121,2,0,0.94,2022-07-01,FY60,,,,,,,,
AX912975,1,0,1.52,2022-07-01,FY60,,,,,,,,
AX001843,9,0,0,2022-07-01,FY60,,,,,,,,
AX002997,7,0,0,2022-07-01,FY60,,,,,,,,
AX006017,0,0,0.13,2022-07-01,FY60,,,,,,,,
AX009101,7,0,2.64,2022-07-01,FY60,,,,,,,,
AX008845,9,0,0,2022-07-01,FY60,,,,,,,,
AX011663,9,0,0,2022-07-01,FY60,,,,,,,,
AX010740,4,0,0,2022-07-01,FY60,,,,,,,,
AX012987,7,0,2.62,2022-07-01,FY60,,,,,,,,
AX012120,8,0,0,2022-07-01,FY60,,,,,,,,
AX013843,2,0,3.28,2022-07-01,FY60,,,,,,,,
AX013923,4,0,0,2022-07-01,FY60,,,,,,,,
AX014782,9,0,0,2022-07-01,FY60,,,,,,,,
AX100081,9,0,0,2022-07-01,FY60,,,,,,,,
AX100242,8,0,1.91,2022-07-01,FY60,,,,,,,,
AX101112,6,0,0,2022-07-01,FY60,,,,,,,,
AX102024,4,0,0,2022-07-01,FY60,,,,,,,,
AX102238,7,0,0,2022-07-01,FY60,,,,,,,,
AX107539,3,0,0,2022-07-01,FY60,,,,,,,,
AX106473,3,0,0,2022-07-01,FY60,,,,,,,,
AX101113,2,0,0,2022-07-01,FY60,,,,,,,,
AX105627,2,0,0,2022-07-01,FY60,,,,,,,,
AX110416,4,0,0,2022-07-01,FY60,,,,,,,,
AX112244,3,0,0,2024-07-01,FY62,,,,,,,,
AX115677,6,0,0.47,2022-07-01,FY60,,,,,,,,
AX115012,1,0,0,2022-07-01,FY60,,,,,,,,
AX114454,6,0,0.75,2022-07-01,FY60,,,,,,,,
AX116237,6,0,0.61,2022-07-01,FY60,,,,,,,,
AX120971,6,0,0.86,2022-07-01,FY60,,,,,,,,
AX118803,6,0,0.61,2022-07-01,FY60,,,,,,,,
AX118802,5,0,0,2022-07-01,FY60,,,,,,,,
AX119548,5,0,0,2022-07-01,FY60,,,,,,,,
AX119549,3,0,0,2022-07-01,FY60,,,,,,,,
AX119550,6,0,0.68,2022-07-01,FY60,,,,,,,,
AX119551,1,0,0.59,2022-07-01,FY60,,,,,,,,
AX121353,5,0,1.28,2022-07-01,FY60,,,,,,,,
AX119400,1,0,0,2022-07-01,FY60,,,,,,,,
AX123924,0,0,0.56,2022-07-01,FY60,,,,,,,,
AX123036,0,0,1.59,2022-07-01,FY60,,,,,,,,
AX127577,6,0,0,2022-07-01,FY60,,,,,,,,
AX127120,8.36,0,0,2024-07-01,FY62,,,,,,,,
AX808579,1,0,0.59,2022-07-01,FY60,,,,,,,,
AX361346,4,0,1.68,2022-07-01,FY60,,,,,,,,
,,,,,,,,,,,,,
,,,,,,,,,,,,,
,,,,,,,,,,,,,
,,,,,,,,,,,,,
,,,,,,,,,,,,,
,,,,,,,,,,,,,
,,,,,,,,,,,,,
,,,,,,,,,,,,,
,,,,,,,,,,,,,
,,,,,,,,,,,,,
,,,,,,,,,,,,,
,,,,,,,,,,,,,
,,,,,,,,,,,,,
,,,,,,,,,,,,,
,,,,,,,,,,,,,
,,,,,,,,,,,,,
,,,,,,,,,,,,,
,,,,,,,,,,,,,
,,,,,,,,,,,,,
,,,,,,,,,,,,,
,,,,,,,,,,,,,
,,,,,,,,,,,,,
,,,,,,,,,,,,,
,,,,,,,,,,,,,
,,,,,,,,,,,,,
,,,,,,,,,,,,,
,,,,,,,,,,,,,
,,,,,,,,,,,,,
,,,,,,,,,,,,,
,,,,,,,,,,,,,
,,,,,,,,,,,,,
,,,,,,,,,,,,,
,,,,,,,,,,,,,
,,,,,,,,,,,,,
,,,,,,,,,,,,,
,,,,,,,,,,,,,
,,,,,,,,,,,,,
,,,,,,,,,,,,,
,,,,,,,,,,,,,
,,,,,,,,,,,,,
,,,,,,,,,,,,,
,,,,,,,,,,,,,
,,,,,,,,,,,,,
,,,,,,,,,,,,,
,,,,,,,,,,,,,
,,,,,,,,,,,,,
,,,,,,,,,,,,,
,,,,,,,,,,,,,
,,,,,,,,,,,,,
,,,,,,,,,,,,,
,,,,,,,,,,,,,
,,,,,,,,,,,,,
,,,,,,,,,,,,,
,,,,,,,,,,,,,
,,,,,,,,,,,,,
,,,,,,,,,,,,,
,,,,,,,,,,,,,
,,,,,,,,,,,,,
,,,,,,,,,,,,,
,,,,,,,,,,,,,
,,,,,,,,,,,,,
,,,,,,,,,,,,,
,,,,,,,,,,,,,
,,,,,,,,,,,,,
,,,,,,,,,,,,,
,,,,,,,,,,,,,
,,,,,,,,,,,,,
,,,,,,,,,,,,,
,,,,,,,,,,,,,
,,,,,,,,,,,,,
,,,,,,,,,,,,,
,,,,,,,,,,,,,
,,,,,,,,,,,,,
,,,,,,,,,,,,,
,,,,,,,,,,,,,
,,,,,,,,,,,,,
,,,,,,,,,,,,,
,,,,,,,,,,,,,
,,,,,,,,,,,,,
,,,,,,,,,,,,,
,,,,,,,,,,,,,
,,,,,,,,,,,,,
,,,,,,,,,,,,,
,,,,,,,,,,,,,
,,,,,,,,,,,,,
,,,,,,,,,,,,,
,,,,,,,,,,,,,
,,,,,,,,,,,,,
,,,,,,,,,,,,,
,,,,,,,,,,,,,
,,,,,,,,,,,,,
,,,,,,,,,,,,,
,,,,,,,,,,,,,
,,,,,,,,,,,,,
,,,,,,,,,,,,,
,,,,,,,,,,,,,
,,,,,,,,,,,,,
,,,,,,,,,,,,,
,,,,,,,,,,,,,
,,,,,,,,,,,,,
,,,,,,,,,,,,,
,,,,,,,,,,,,,
,,,,,,,,,,,,,
,,,,,,,,,,,,,
,,,,,,,,,,,,,
,,,,,,,,,,,,,
,,,,,,,,,,,,,
,,,,,,,,,,,,,
,,,,,,,,,,,,,
,,,,,,,,,,,,,
,,,,,,,,,,,,,
,,,,,,,,,,,,,
,,,,,,,,,,,,,
,,,,,,,,,,,,,
,,,,,,,,,,,,,
,,,,,,,,,,,,,
,,,,,,,,,,,,,
,,,,,,,,,,,,,
,,,,,,,,,,,,,
,,,,,,,,,,,,,
,,,,,,,,,,,,,
,,,,,,,,,,,,,
,,,,,,,,,,,,,
,,,,,,,,,,,,,
,,,,,,,,,,,,,
,,,,,,,,,,,,,
,,,,,,,,,,,,,
,,,,,,,,,,,,,
,,,,,,,,,,,,,
,,,,,,,,,,,,,
,,,,,,,,,,,,,
,,,,,,,,,,,,,
,,,,,,,,,,,,,
,,,,,,,,,,,,,
,,,,,,,,,,,,,
,,,,,,,,,,,,,
,,,,,,,,,,,,,
,,,,,,,,,,,,,
,,,,,,,,,,,,,
,,,,,,,,,,,,,
,,,,,,,,,,,,,
,,,,,,,,,,,,,
,,,,,,,,,,,,,
,,,,,,,,,,,,,
,,,,,,,,,,,,,
,,,,,,,,,,,,,
,,,,,,,,,,,,,
,,,,,,,,,,,,,
,,,,,,,,,,,,,
,,,,,,,,,,,,,
,,,,,,,,,,,,,
,,,,,,,,,,,,,
,,,,,,,,,,,,,
,,,,,,,,,,,,,
,,,,,,,,,,,,,
,,,,,,,,,,,,,
,,,,,,,,,,,,,
,,,,,,,,,,,,,
,,,,,,,,,,,,,
,,,,,,,,,,,,,
,,,,,,,,,,,,,
,,,,,,,,,,,,,
,,,,,,,,,,,,,
,,,,,,,,,,,,,
,,,,,,,,,,,,,
,,,,,,,,,,,,,
,,,,,,,,,,,,,
,,,,,,,,,,,,,
,,,,,,,,,,,,,
,,,,,,,,,,,,,
,,,,,,,,,,,,,
,,,,,,,,,,,,,
,,,,,,,,,,,,,
,,,,,,,,,,,,,
,,,,,,,,,,,,,
,,,,,,,,,,,,,
,,,,,,,,,,,,,
,,,,,,,,,,,,,
,,,,,,,,,,,,,
,,,,,,,,,,,,,
,,,,,,,,,,,,,
,,,,,,,,,,,,,
,,,,,,,,,,,,,
,,,,,,,,,,,,,
,,,,,,,,,,,,,
,,,,,,,,,,,,,
,,,,,,,,,,,,,
,,,,,,,,,,,,,
,,,,,,,,,,,,,
,,,,,,,,,,,,,
,,,,,,,,,,,,,
,,,,,,,,,,,,,
,,,,,,,,,,,,,
,,,,,,,,,,,,,
,,,,,,,,,,,,,
,,,,,,,,,,,,,
,,,,,,,,,,,,,
,,,,,,,,,,,,,
,,,,,,,,,,,,,
,,,,,,,,,,,,,
,,,,,,,,,,,,,
,,,,,,,,,,,,,
,,,,,,,,,,,,,
,,,,,,,,,,,,,
,,,,,,,,,,,,,
,,,,,,,,,,,,,
,,,,,,,,,,,,,
,,,,,,,,,,,,,
,,,,,,,,,,,,,
,,,,,,,,,,,,,
,,,,,,,,,,,,,
,,,,,,,,,,,,,
,,,,,,,,,,,,,
,,,,,,,,,,,,,
,,,,,,,,,,,,,
,,,,,,,,,,,,,
,,,,,,,,,,,,,
,,,,,,,,,,,,,
,,,,,,,,,,,,,
,,,,,,,,,,,,,
,,,,,,,,,,,,,
,,,,,,,,,,,,,
,,,,,,,,,,,,,
,,,,,,,,,,,,,
,,,,,,,,,,,,,
,,,,,,,,,,,,,
,,,,,,,,,,,,,
,,,,,,,,,,,,,
,,,,,,,,,,,,,
,,,,,,,,,,,,,
,,,,,,,,,,,,,
,,,,,,,,,,,,,
,,,,,,,,,,,,,
,,,,,,,,,,,,,
,,,,,,,,,,,,,
,,,,,,,,,,,,,
,,,,,,,,,,,,,
,,,,,,,,,,,,,
,,,,,,,,,,,,,
,,,,,,,,,,,,,
,,,,,,,,,,,,,
,,,,,,,,,,,,,
,,,,,,,,,,,,,
,,,,,,,,,,,,,
,,,,,,,,,,,,,
,,,,,,,,,,,,,
,,,,,,,,,,,,,
,,,,,,,,,,,,,
,,,,,,,,,,,,,
,,,,,,,,,,,,,
,,,,,,,,,,,,,
,,,,,,,,,,,,,
,,,,,,,,,,,,,
,,,,,,,,,,,,,
,,,,,,,,,,,,,
,,,,,,,,,,,,,
,,,,,,,,,,,,,
,,,,,,,,,,,,,
,,,,,,,,,,,,,
,,,,,,,,,,,,,
,,,,,,,,,,,,,
,,,,,,,,,,,,,
,,,,,,,,,,,,,
,,,,,,,,,,,,,
,,,,,,,,,,,,,
,,,,,,,,,,,,,
,,,,,,,,,,,,,
,,,,,,,,,,,,,
,,,,,,,,,,,,,
,,,,,,,,,,,,,
,,,,,,,,,,,,,
,,,,,,,,,,,,,
,,,,,,,,,,,,,
,,,,,,,,,,,,,
,,,,,,,,,,,,,
,,,,,,,,,,,,,
,,,,,,,,,,,,,
,,,,,,,,,,,,,
,,,,,,,,,,,,,
,,,,,,,,,,,,,
,,,,,,,,,,,,,
,,,,,,,,,,,,,
,,,,,,,,,,,,,
,,,,,,,,,,,,,
,,,,,,,,,,,,,
,,,,,,,,,,,,,
,,,,,,,,,,,,,
,,,,,,,,,,,,,
,,,,,,,,,,,,,
,,,,,,,,,,,,,
,,,,,,,,,,,,,
,,,,,,,,,,,,,
,,,,,,,,,,,,,
,,,,,,,,,,,,,
,,,,,,,,,,,,,
,,,,,,,,,,,,,
,,,,,,,,,,,,,
,,,,,,,,,,,,,
,,,,,,,,,,,,,
,,,,,,,,,,,,,
,,,,,,,,,,,,,
,,,,,,,,,,,,,
,,,,,,,,,,,,,
,,,,,,,,,,,,,
,,,,,,,,,,,,,
,,,,,,,,,,,,,
,,,,,,,,,,,,,
,,,,,,,,,,,,,
,,,,,,,,,,,,,
,,,,,,,,,,,,,
,,,,,,,,,,,,,
,,,,,,,,,,,,,
,,,,,,,,,,,,,
,,,,,,,,,,,,,
,,,,,,,,,,,,,
,,,,,,,,,,,,,
,,,,,,,,,,,,,
,,,,,,,,,,,,,
,,,,,,,,,,,,,
,,,,,,,,,,,,,
,,,,,,,,,,,,,
,,,,,,,,,,,,,
,,,,,,,,,,,,,
,,,,,,,,,,,,,
,,,,,,,,,,,,,
,,,,,,,,,,,,,
,,,,,,,,,,,,,
,,,,,,,,,,,,,
,,,,,,,,,,,,,
,,,,,,,,,,,,,
,,,,,,,,,,,,,
,,,,,,,,,,,,,
,,,,,,,,,,,,,
,,,,,,,,,,,,,
,,,,,,,,,,,,,
,,,,,,,,,,,,,
,,,,,,,,,,,,,
,,,,,,,,,,,,,
,,,,,,,,,,,,,
,,,,,,,,,,,,,
,,,,,,,,,,,,,
,,,,,,,,,,,,,
,,,,,,,,,,,,,
,,,,,,,,,,,,,
,,,,,,,,,,,,,
,,,,,,,,,,,,,
,,,,,,,,,,,,,
,,,,,,,,,,,,,
,,,,,,,,,,,,,
,,,,,,,,,,,,,
,,,,,,,,,,,,,
,,,,,,,,,,,,,
,,,,,,,,,,,,,
,,,,,,,,,,,,,
,,,,,,,,,,,,,
,,,,,,,,,,,,,
,,,,,,,,,,,,,
,,,,,,,,,,,,,
,,,,,,,,,,,,,
,,,,,,,,,,,,,
,,,,,,,,,,,,,
,,,,,,,,,,,,,
,,,,,,,,,,,,,
,,,,,,,,,,,,,
,,,,,,,,,,,,,
,,,,,,,,,,,,,
,,,,,,,,,,,,,
,,,,,,,,,,,,,
,,,,,,,,,,,,,
,,,,,,,,,,,,,
,,,,,,,,,,,,,
,,,,,,,,,,,,,
,,,,,,,,,,,,,
,,,,,,,,,,,,,
,,,,,,,,,,,,,
,,,,,,,,,,,,,
,,,,,,,,,,,,,
,,,,,,,,,,,,,
,,,,,,,,,,,,,
,,,,,,,,,,,,,
,,,,,,,,,,,,,
,,,,,,,,,,,,,
,,,,,,,,,,,,,
,,,,,,,,,,,,,
,,,,,,,,,,,,,
,,,,,,,,,,,,,
,,,,,,,,,,,,,
,,,,,,,,,,,,,
,,,,,,,,,,,,,
,,,,,,,,,,,,,
,,,,,,,,,,,,,
,,,,,,,,,,,,,
,,,,,,,,,,,,,
,,,,,,,,,,,,,
,,,,,,,,,,,,,
,,,,,,,,,,,,,
,,,,,,,,,,,,,
,,,,,,,,,,,,,
,,,,,,,,,,,,,
,,,,,,,,,,,,,
,,,,,,,,,,,,,
,,,,,,,,,,,,,
,,,,,,,,,,,,,
,,,,,,,,,,,,,
,,,,,,,,,,,,,
,,,,,,,,,,,,,
,,,,,,,,,,,,,
,,,,,,,,,,,,,
,,,,,,,,,,,,,
,,,,,,,,,,,,,
,,,,,,,,,,,,,
,,,,,,,,,,,,,
,,,,,,,,,,,,,
,,,,,,,,,,,,,
,,,,,,,,,,,,,
,,,,,,,,,,,,,
,,,,,,,,,,,,,
,,,,,,,,,,,,,
,,,,,,,,,,,,,
,,,,,,,,,,,,,
,,,,,,,,,,,,,
,,,,,,,,,,,,,
,,,,,,,,,,,,,
,,,,,,,,,,,,,
,,,,,,,,,,,,,
,,,,,,,,,,,,,
,,,,,,,,,,,,,
,,,,,,,,,,,,,
,,,,,,,,,,,,,
,,,,,,,,,,,,,
,,,,,,,,,,,,,
,,,,,,,,,,,,,
,,,,,,,,,,,,,
,,,,,,,,,,,,,
,,,,,,,,,,,,,
,,,,,,,,,,,,,
,,,,,,,,,,,,,
,,,,,,,,,,,,,
,,,,,,,,,,,,,
,,,,,,,,,,,,,
,,,,,,,,,,,,,
,,,,,,,,,,,,,
,,,,,,,,,,,,,
,,,,,,,,,,,,,
,,,,,,,,,,,,,
,,,,,,,,,,,,,
,,,,,,,,,,,,,
,,,,,,,,,,,,,
,,,,,,,,,,,,,
,,,,,,,,,,,,,
,,,,,,,,,,,,,
,,,,,,,,,,,,,
,,,,,,,,,,,,,
,,,,,,,,,,,,,
,,,,,,,,,,,,,
,,,,,,,,,,,,,
,,,,,,,,,,,,,
,,,,,,,,,,,,,
,,,,,,,,,,,,,
,,,,,,,,,,,,,
,,,,,,,,,,,,,
,,,,,,,,,,,,,
,,,,,,,,,,,,,
,,,,,,,,,,,,,
,,,,,,,,,,,,,
,,,,,,,,,,,,,
,,,,,,,,,,,,,
,,,,,,,,,,,,,
,,,,,,,,,,,,,
,,,,,,,,,,,,,
,,,,,,,,,,,,,
,,,,,,,,,,,,,
,,,,,,,,,,,,,
,,,,,,,,,,,,,
,,,,,,,,,,,,,
,,,,,,,,,,,,,
,,,,,,,,,,,,,
,,,,,,,,,,,,,
,,,,,,,,,,,,,
,,,,,,,,,,,,,
,,,,,,,,,,,,,
,,,,,,,,,,,,,
,,,,,,,,,,,,,
,,,,,,,,,,,,,
,,,,,,,,,,,,,
,,,,,,,,,,,,,
,,,,,,,,,,,,,
,,,,,,,,,,,,,
,,,,,,,,,,,,,
,,,,,,,,,,,,,
,,,,,,,,,,,,,
,,,,,,,,,,,,,
,,,,,,,,,,,,,
,,,,,,,,,,,,,
,,,,,,,,,,,,,
,,,,,,,,,,,,,
,,,,,,,,,,,,,
,,,,,,,,,,,,,
,,,,,,,,,,,,,
,,,,,,,,,,,,,
,,,,,,,,,,,,,
,,,,,,,,,,,,,
,,,,,,,,,,,,,
,,,,,,,,,,,,,
,,,,,,,,,,,,,
,,,,,,,,,,,,,
,,,,,,,,,,,,,
,,,,,,,,,,,,,
,,,,,,,,,,,,,
,,,,,,,,,,,,,
,,,,,,,,,,,,,
,,,,,,,,,,,,,
,,,,,,,,,,,,,
,,,,,,,,,,,,,
,,,,,,,,,,,,,
,,,,,,,,,,,,,
,,,,,,,,,,,,,
,,,,,,,,,,,,,
,,,,,,,,,,,,,
,,,,,,,,,,,,,
,,,,,,,,,,,,,
,,,,,,,,,,,,,
,,,,,,,,,,,,,
,,,,,,,,,,,,,
,,,,,,,,,,,,,
,,,,,,,,,,,,,
,,,,,,,,,,,,,
,,,,,,,,,,,,,
,,,,,,,,,,,,,
,,,,,,,,,,,,,
,,,,,,,,,,,,,
,,,,,,,,,,,,,
,,,,,,,,,,,,,
,,,,,,,,,,,,,
,,,,,,,,,,,,,
,,,,,,,,,,,,,
,,,,,,,,,,,,,
,,,,,,,,,,,,,
,,,,,,,,,,,,,
,,,,,,,,,,,,,
,,,,,,,,,,,,,
,,,,,,,,,,,,,
,,,,,,,,,,,,,
,,,,,,,,,,,,,
,,,,,,,,,,,,,
,,,,,,,,,,,,,
,,,,,,,,,,,,,
,,,,,,,,,,,,,
,,,,,,,,,,,,,
,,,,,,,,,,,,,
,,,,,,,,,,,,,
,,,,,,,,,,,,,
,,,,,,,,,,,,,
,,,,,,,,,,,,,
,,,,,,,,,,,,,
,,,,,,,,,,,,,
,,,,,,,,,,,,,
,,,,,,,,,,,,,
,,,,,,,,,,,,,
,,,,,,,,,,,,,
,,,,,,,,,,,,,
,,,,,,,,,,,,,
,,,,,,,,,,,,,
,,,,,,,,,,,,,
,,,,,,,,,,,,,
,,,,,,,,,,,,,
,,,,,,,,,,,,,
,,,,,,,,,,,,,
,,,,,,,,,,,,,
,,,,,,,,,,,,,
,,,,,,,,,,,,,
,,,,,,,,,,,,,
,,,,,,,,,,,,,
,,,,,,,,,,,,,
,,,,,,,,,,,,,
,,,,,,,,,,,,,
,,,,,,,,,,,,,
,,,,,,,,,,,,,
,,,,,,,,,,,,,
,,,,,,,,,,,,,
,,,,,,,,,,,,,
,,,,,,,,,,,,,
,,,,,,,,,,,,,
,,,,,,,,,,,,,
,,,,,,,,,,,,,
,,,,,,,,,,,,,
,,,,,,,,,,,,,
,,,,,,,,,,,,,
,,,,,,,,,,,,,
,,,,,,,,,,,,,
,,,,,,,,,,,,,
,,,,,,,,,,,,,
,,,,,,,,,,,,,
,,,,,,,,,,,,,
,,,,,,,,,,,,,
,,,,,,,,,,,,,
,,,,,,,,,,,,,
,,,,,,,,,,,,,
,,,,,,,,,,,,,
,,,,,,,,,,,,,
,,,,,,,,,,,,,
,,,,,,,,,,,,,
,,,,,,,,,,,,,
,,,,,,,,,,,,,
,,,,,,,,,,,,,
,,,,,,,,,,,,,
,,,,,,,,,,,,,
,,,,,,,,,,,,,
,,,,,,,,,,,,,
,,,,,,,,,,,,,
,,,,,,,,,,,,,
,,,,,,,,,,,,,
,,,,,,,,,,,,,
,,,,,,,,,,,,,
,,,,,,,,,,,,,
,,,,,,,,,,,,,
,,,,,,,,,,,,,
,,,,,,,,,,,,,
,,,,,,,,,,,,,
,,,,,,,,,,,,,
,,,,,,,,,,,,,
,,,,,,,,,,,,,
,,,,,,,,,,,,,
,,,,,,,,,,,,,
,,,,,,,,,,,,,
,,,,,,,,,,,,,
,,,,,,,,,,,,,
,,,,,,,,,,,,,
,,,,,,,,,,,,,
,,,,,,,,,,,,,
,,,,,,,,,,,,,
,,,,,,,,,,,,,
,,,,,,,,,,,,,
,,,,,,,,,,,,,
,,,,,,,,,,,,,
,,,,,,,,,,,,,
,,,,,,,,,,,,,
,,,,,,,,,,,,,
,,,,,,,,,,,,,
,,,,,,,,,,,,,
,,,,,,,,,,,,,
,,,,,,,,,,,,,
,,,,,,,,,,,,,
,,,,,,,,,,,,,
,,,,,,,,,,,,,
,,,,,,,,,,,,,
,,,,,,,,,,,,,
,,,,,,,,,,,,,
,,,,,,,,,,,,,
,,,,,,,,,,,,,
,,,,,,,,,,,,,
,,,,,,,,,,,,,
,,,,,,,,,,,,,
,,,,,,,,,,,,,
,,,,,,,,,,,,,
,,,,,,,,,,,,,
,,,,,,,,,,,,,
,,,,,,,,,,,,,
,,,,,,,,,,,,,
,,,,,,,,,,,,,
,,,,,,,,,,,,,
,,,,,,,,,,,,,
,,,,,,,,,,,,,
,,,,,,,,,,,,,
,,,,,,,,,,,,,
,,,,,,,,,,,,,
,,,,,,,,,,,,,
,,,,,,,,,,,,,
,,,,,,,,,,,,,
,,,,,,,,,,,,,
,,,,,,,,,,,,,
,,,,,,,,,,,,,
,,,,,,,,,,,,,
,,,,,,,,,,,,,
,,,,,,,,,,,,,
,,,,,,,,,,,,,
,,,,,,,,,,,,,
,,,,,,,,,,,,,
,,,,,,,,,,,,,
,,,,,,,,,,,,,
,,,,,,,,,,,,,
,,,,,,,,,,,,,
,,,,,,,,,,,,,
,,,,,,,,,,,,,
,,,,,,,,,,,,,
,,,,,,,,,,,,,
,,,,,,,,,,,,,
,,,,,,,,,,,,,
,,,,,,,,,,,,,
,,,,,,,,,,,,,
,,,,,,,,,,,,,
,,,,,,,,,,,,,
,,,,,,,,,,,,,
,,,,,,,,,,,,,
,,,,,,,,,,,,,
,,,,,,,,,,,,,
,,,,,,,,,,,,,
,,,,,,,,,,,,,
,,,,,,,,,,,,,
,,,,,,,,,,,,,
,,,,,,,,,,,,,
,,,,,,,,,,,,,
,,,,,,,,,,,,,
,,,,,,,,,,,,,
,,,,,,,,,,,,,
,,,,,,,,,,,,,
,,,,,,,,,,,,,
,,,,,,,,,,,,,
,,,,,,,,,,,,,
,,,,,,,,,,,,,
,,,,,,,,,,,,,
,,,,,,,,,,,,,
,,,,,,,,,,,,,
,,,,,,,,,,,,,
,,,,,,,,,,,,,
,,,,,,,,,,,,,
,,,,,,,,,,,,,
,,,,,,,,,,,,,
,,,,,,,,,,,,,
,,,,,,,,,,,,,
,,,,,,,,,,,,,
,,,,,,,,,,,,,
,,,,,,,,,,,,,
,,,,,,,,,,,,,
,,,,,,,,,,,,,
,,,,,,,,,,,,,
,,,,,,,,,,,,,
,,,,,,,,,,,,,
,,,,,,,,,,,,,
,,,,,,,,,,,,,
,,,,,,,,,,,,,
,,,,,,,,,,,,,
,,,,,,,,,,,,,
,,,,,,,,,,,,,
,,,,,,,,,,,,,
,,,,,,,,,,,,,
,,,,,,,,,,,,,
,,,,,,,,,,,,,
,,,,,,,,,,,,,
,,,,,,,,,,,,,
,,,,,,,,,,,,,
,,,,,,,,,,,,,
,,,,,,,,,,,,,
,,,,,,,,,,,,,
,,,,,,,,,,,,,
,,,,,,,,,,,,,
,,,,,,,,,,,,,
,,,,,,,,,,,,,
,,,,,,,,,,,,,
,,,,,,,,,,,,,
,,,,,,,,,,,,,
,,,,,,,,,,,,,
,,,,,,,,,,,,,
,,,,,,,,,,,,,
,,,,,,,,,,,,,
,,,,,,,,,,,,,
,,,,,,,,,,,,,
,,,,,,,,,,,,,
,,,,,,,,,,,,,
,,,,,,,,,,,,,
,,,,,,,,,,,,,
,,,,,,,,,,,,,
,,,,,,,,,,,,,
,,,,,,,,,,,,,
,,,,,,,,,,,,,
,,,,,,,,,,,,,
,,,,,,,,,,,,,
,,,,,,,,,,,,,
,,,,,,,,,,,,,
,,,,,,,,,,,,,
,,,,,,,,,,,,,
,,,,,,,,,,,,,
,,,,,,,,,,,,,
,,,,,,,,,,,,,
,,,,,,,,,,,,,
,,,,,,,,,,,,,
,,,,,,,,,,,,,
,,,,,,,,,,,,,
,,,,,,,,,,,,,
,,,,,,,,,,,,,
,,,,,,,,,,,,,
,,,,,,,,,,,,,
,,,,,,,,,,,,,
,,,,,,,,,,,,,
,,,,,,,,,,,,,
,,,,,,,,,,,,,
,,,,,,,,,,,,,
,,,,,,,,,,,,,
,,,,,,,,,,,,,
,,,,,,,,,,,,,
,,,,,,,,,,,,,
,,,,,,,,,,,,,
,,,,,,,,,,,,,
,,,,,,,,,,,,,
,,,,,,,,,,,,,
,,,,,,,,,,,,,
,,,,,,,,,,,,,
,,,,,,,,,,,,,
,,,,,,,,,,,,,
,,,,,,,,,,,,,
,,,,,,,,,,,,,
,,,,,,,,,,,,,
,,,,,,,,,,,,,
,,,,,,,,,,,,,
,,,,,,,,,,,,,
,,,,,,,,,,,,,
,,,,,,,,,,,,,
,,,,,,,,,,,,,
,,,,,,,,,,,,,
,,,,,,,,,,,,,
,,,,,,,,,,,,,
,,,,,,,,,,,,,
,,,,,,,,,,,,,
,,,,,,,,,,,,,
,,,,,,,,,,,,,
,,,,,,,,,,,,,
,,,,,,,,,,,,,
,,,,,,,,,,,,,
,,,,,,,,,,,,,
,,,,,,,,,,,,,
,,,,,,,,,,,,,
,,,,,,,,,,,,,
,,,,,,,,,,,,,
,,,,,,,,,,,,,
,,,,,,,,,,,,,
,,,,,,,,,,,,,
,,,,,,,,,,,,,
,,,,,,,,,,,,,
,,,,,,,,,,,,,
,,,,,,,,,,,,,
,,,,,,,,,,,,,
,,,,,,,,,,,,,
,,,,,,,,,,,,,
,,,,,,,,,,,,,
,,,,,,,,,,,,,
,,,,,,,,,,,,,
,,,,,,,,,,,,,
,,,,,,,,,,,,,
,,,,,,,,,,,,,
,,,,,,,,,,,,,
,,,,,,,,,,,,,
,,,,,,,,,,,,,
,,,,,,,,,,,,,
,,,,,,,,,,,,,
,,,,,,,,,,,,,
,,,,,,,,,,,,,
,,,,,,,,,,,,,
,,,,,,,,,,,,,
,,,,,,,,,,,,,
,,,,,,,,,,,,,
,,,,,,,,,,,,,
,,,,,,,,,,,,,
,,,,,,,,,,,,,
,,,,,,,,,,,,,
,,,,,,,,,,,,,
,,,,,,,,,,,,,
,,,,,,,,,,,,,
,,,,,,,,,,,,,
,,,,,,,,,,,,,
,,,,,,,,,,,,,
,,,,,,,,,,,,,
,,,,,,,,,,,,,
,,,,,,,,,,,,,
,,,,,,,,,,,,,
,,,,,,,,,,,,,
,,,,,,,,,,,,,
,,,,,,,,,,,,,
,,,,,,,,,,,,,
,,,,,,,,,,,,,
,,,,,,,,,,,,,
,,,,,,,,,,,,,
,,,,,,,,,,,,,
,,,,,,,,,,,,,
,,,,,,,,,,,,,
,,,,,,,,,,,,,
,,,,,,,,,,,,,
,,,,,,,,,,,,,
,,,,,,,,,,,,,
,,,,,,,,,,,,,
,,,,,,,,,,,,,
,,,,,,,,,,,,,
,,,,,,,,,,,,,
,,,,,,,,,,,,,
,,,,,,,,,,,,,
,,,,,,,,,,,,,
,,,,,,,,,,,,,
,,,,,,,,,,,,,
,,,,,,,,,,,,,
,,,,,,,,,,,,,
,,,,,,,,,,,,,
,,,,,,,,,,,,,
,,,,,,,,,,,,,
,,,,,,,,,,,,,
,,,,,,,,,,,,,
,,,,,,,,,,,,,
,,,,,,,,,,,,,
,,,,,,,,,,,,,
,,,,,,,,,,,,,
,,,,,,,,,,,,,
,,,,,,,,,,,,,
,,,,,,,,,,,,,
,,,,,,,,,,,,,
,,,,,,,,,,,,,
,,,,,,,,,,,,,
,,,,,,,,,,,,,
,,,,,,,,,,,,,
,,,,,,,,,,,,,
,,,,,,,,,,,,,
,,,,,,,,,,,,,
,,,,,,,,,,,,,
,,,,,,,,,,,,,
,,,,,,,,,,,,,
,,,,,,,,,,,,,
,,,,,,,,,,,,,
,,,,,,,,,,,,,
,,,,,,,,,,,,,
,,,,,,,,,,,,,
,,,,,,,,,,,,,
,,,,,,,,,,,,,
,,,,,,,,,,,,,
,,,,,,,,,,,,,
,,,,,,,,,,,,,
,,,,,,,,,,,,,
,,,,,,,,,,,,,
,,,,,,,,,,,,,
,,,,,,,,,,,,,
,,,,,,,,,,,,,
,,,,,,,,,,,,,
,,,,,,,,,,,,,
,,,,,,,,,,,,,
,,,,,,,,,,,,,
,,,,,,,,,,,,,
,,,,,,,,,,,,,
,,,,,,,,,,,,,
,,,,,,,,,,,,,
,,,,,,,,,,,,,
,,,,,,,,,,,,,
,,,,,,,,,,,,,
,,,,,,,,,,,,,
,,,,,,,,,,,,,
,,,,,,,,,,,,,
,,,,,,,,,,,,,
,,,,,,,,,,,,,
,,,,,,,,,,,,,
,,,,,,,,,,,,,
,,,,,,,,,,,,,
,,,,,,,,,,,,,
,,,,,,,,,,,,,
,,,,,,,,,,,,,
,,,,,,,,,,,,,
,,,,,,,,,,,,,
,,,,,,,,,,,,,
,,,,,,,,,,,,,
,,,,,,,,,,,,,
,,,,,,,,,,,,,
,,,,,,,,,,,,,
,,,,,,,,,,,,,
,,,,,,,,,,,,,
,,,,,,,,,,,,,
,,,,,,,,,,,,,
,,,,,,,,,,,,,
,,,,,,,,,,,,,
,,,,,,,,,,,,,
,,,,,,,,,,,,,
,,,,,,,,,,,,,
,,,,,,,,,,,,,
,,,,,,,,,,,,,
,,,,,,,,,,,,,
,,,,,,,,,,,,,
,,,,,,,,,,,,,
,,,,,,,,,,,,,
,,,,,,,,,,,,,
,,,,,,,,,,,,,
,,,,,,,,,,,,,
,,,,,,,,,,,,,
,,,,,,,,,,,,,
,,,,,,,,,,,,,
,,,,,,,,,,,,,
,,,,,,,,,,,,,
,,,,,,,,,,,,,
,,,,,,,,,,,,,
,,,,,,,,,,,,,
,,,,,,,,,,,,,
,,,,,,,,,,,,,
,,,,,,,,,,,,,
,,,,,,,,,,,,,
,,,,,,,,,,,,,
,,,,,,,,,,,,,
,,,,,,,,,,,,,
,,,,,,,,,,,,,
,,,,,,,,,,,,,
,,,,,,,,,,,,,
,,,,,,,,,,,,,
,,,,,,,,,,,,,
,,,,,,,,,,,,,
,,,,,,,,,,,,,
,,,,,,,,,,,,,
,,,,,,,,,,,,,
,,,,,,,,,,,,,
,,,,,,,,,,,,,
,,,,,,,,,,,,,
,,,,,,,,,,,,,
,,,,,,,,,,,,,
,,,,,,,,,,,,,
,,,,,,,,,,,,,
,,,,,,,,,,,,,
,,,,,,,,,,,,,
,,,,,,,,,,,,,
,,,,,,,,,,,,,
,,,,,,,,,,,,,
,,,,,,,,,,,,,
,,,,,,,,,,,,,
,,,,,,,,,,,,,
,,,,,,,,,,,,,
,,,,,,,,,,,,,
,,,,,,,,,,,,,
,,,,,,,,,,,,,
,,,,,,,,,,,,,
,,,,,,,,,,,,,
,,,,,,,,,,,,,
,,,,,,,,,,,,,
,,,,,,,,,,,,,
,,,,,,,,,,,,,
,,,,,,,,,,,,,
,,,,,,,,,,,,,
,,,,,,,,,,,,,
,,,,,,,,,,,,,
,,,,,,,,,,,,,
,,,,,,,,,,,,,
,,,,,,,,,,,,,
,,,,,,,,,,,,,
,,,,,,,,,,,,,
,,,,,,,,,,,,,
,,,,,,,,,,,,,
,,,,,,,,,,,,,
,,,,,,,,,,,,,
,,,,,,,,,,,,,
,,,,,,,,,,,,,
,,,,,,,,,,,,,
,,,,,,,,,,,,,
,,,,,,,,,,,,,
,,,,,,,,,,,,,
,,,,,,,,,,,,,
,,,,,,,,,,,,,
,,,,,,,,,,,,,
,,,,,,,,,,,,,
,,,,,,,,,,,,,
,,,,,,,,,,,,,
,,,,,,,,,,,,,
,,,,,,,,,,,,,
,,,,,,,,,,,,,
,,,,,,,,,,,,,
,,,,,,,,,,,,,
,,,,,,,,,,,,,
,,,,,,,,,,,,,
,,,,,,,,,,,,,
,,,,,,,,,,,,,
,,,,,,,,,,,,,
,,,,,,,,,,,,,
,,,,,,,,,,,,,
,,,,,,,,,,,,,
,,,,,,,,,,,,,
,,,,,,,,,,,,,
,,,,,,,,,,,,,
,,,,,,,,,,,,,
,,,,,,,,,,,,,
,,,,,,,,,,,,,
,,,,,,,,,,,,,
,,,,,,,,,,,,,
,,,,,,,,,,,,,
,,,,,,,,,,,,,
,,,,,,,,,,,,,
,,,,,,,,,,,,,
,,,,,,,,,,,,,
,,,,,,,,,,,,,
,,,,,,,,,,,,,
,,,,,,,,,,,,,
,,,,,,,,,,,,,
,,,,,,,,,,,,,
,,,,,,,,,,,,,
,,,,,,,,,,,,,
,,,,,,,,,,,,,
,,,,,,,,,,,,,
,,,,,,,,,,,,,
,,,,,,,,,,,,,
,,,,,,,,,,,,,
,,,,,,,,,,,,,
,,,,,,,,,,,,,
,,,,,,,,,,,,,
,,,,,,,,,,,,,
,,,,,,,,,,,,,
,,,,,,,,,,,,,
,,,,,,,,,,,,,
,,,,,,,,,,,,,
,,,,,,,,,,,,,
,,,,,,,,,,,,,
,,,,,,,,,,,,,
,,,,,,,,,,,,,
,,,,,,,,,,,,,
,,,,,,,,,,,,,
,,,,,,,,,,,,,
,,,,,,,,,,,,,
,,,,,,,,,,,,,
,,,,,,,,,,,,,
,,,,,,,,,,,,,
,,,,,,,,,,,,,
,,,,,,,,,,,,,
,,,,,,,,,,,,,
,,,,,,,,,,,,,
,,,,,,,,,,,,,
,,,,,,,,,,,,,
,,,,,,,,,,,,,
,,,,,,,,,,,,,
,,,,,,,,,,,,,
,,,,,,,,,,,,,
,,,,,,,,,,,,,
,,,,,,,,,,,,,
,,,,,,,,,,,,,
,,,,,,,,,,,,,
,,,,,,,,,,,,,
,,,,,,,,,,,,,
,,,,,,,,,,,,,
,,,,,,,,,,,,,
,,,,,,,,,,,,,
,,,,,,,,,,,,,
,,,,,,,,,,,,,
,,,,,,,,,,,,,
,,,,,,,,,,,,,
,,,,,,,,,,,,,
,,,,,,,,,,,,,
,,,,,,,,,,,,,
,,,,,,,,,,,,,
,,,,,,,,,,,,,
,,,,,,,,,,,,,
,,,,,,,,,,,,,
,,,,,,,,,,,,,
,,,,,,,,,,,,,
,,,,,,,,,,,,,
,,,,,,,,,,,,,
,,,,,,,,,,,,,
,,,,,,,,,,,,,
,,,,,,,,,,,,,
,,,,,,,,,,,,,
,,,,,,,,,,,,,
,,,,,,,,,,,,,
,,,,,,,,,,,,,
,,,,,,,,,,,,,
,,,,,,,,,,,,,
,,,,,,,,,,,,,
,,,,,,,,,,,,,
,,,,,,,,,,,,,
,,,,,,,,,,,,,
,,,,,,,,,,,,,
,,,,,,,,,,,,,
,,,,,,,,,,,,,
,,,,,,,,,,,,,
,,,,,,,,,,,,,
,,,,,,,,,,,,,
,,,,,,,,,,,,,
,,,,,,,,,,,,,
,,,,,,,,,,,,,
,,,,,,,,,,,,,
,,,,,,,,,,,,,
,,,,,,,,,,,,,
,,,,,,,,,,,,,
,,,,,,,,,,,,,
,,,,,,,,,,,,,
,,,,,,,,,,,,,
,,,,,,,,,,,,,
,,,,,,,,,,,,,
,,,,,,,,,,,,,
,,,,,,,,,,,,,
,,,,,,,,,,,,,
,,,,,,,,,,,,,
,,,,,,,,,,,,,
,,,,,,,,,,,,,
,,,,,,,,,,,,,
,,,,,,,,,,,,,
,,,,,,,,,,,,,
,,,,,,,,,,,,,
,,,,,,,,,,,,,
,,,,,,,,,,,,,
,,,,,,,,,,,,,
,,,,,,,,,,,,,
,,,,,,,,,,,,,
,,,,,,,,,,,,,
,,,,,,,,,,,,,
,,,,,,,,,,,,,
,,,,,,,,,,,,,
,,,,,,,,,,,,,
,,,,,,,,,,,,,
,,,,,,,,,,,,,
,,,,,,,,,,,,,
,,,,,,,,,,,,,
,,,,,,,,,,,,,
,,,,,,,,,,,,,
,,,,,,,,,,,,,
,,,,,,,,,,,,,
,,,,,,,,,,,,,
,,,,,,,,,,,,,
,,,,,,,,,,,,,
,,,,,,,,,,,,,
,,,,,,,,,,,,,
,,,,,,,,,,,,,
,,,,,,,,,,,,,
,,,,,,,,,,,,,
,,,,,,,,,,,,,
,,,,,,,,,,,,,
,,,,,,,,,,,,,
,,,,,,,,,,,,,
,,,,,,,,,,,,,
,,,,,,,,,,,,,
,,,,,,,,,,,,,
,,,,,,,,,,,,,
,,,,,,,,,,,,,
,,,,,,,,,,,,,
,,,,,,,,,,,,,
,,,,,,,,,,,,,
,,,,,,,,,,,,,
,,,,,,,,,,,,,
,,,,,,,,,,,,,
,,,,,,,,,,,,,
,,,,,,,,,,,,,
,,,,,,,,,,,,,
,,,,,,,,,,,,,
,,,,,,,,,,,,,
,,,,,,,,,,,,,
,,,,,,,,,,,,,
,,,,,,,,,,,,,
,,,,,,,,,,,,,
,,,,,,,,,,,,,
,,,,,,,,,,,,,
,,,,,,,,,,,,,
,,,,,,,,,,,,,
,,,,,,,,,,,,,
,,,,,,,,,,,,,
,,,,,,,,,,,,,
,,,,,,,,,,,,,
,,,,,,,,,,,,,
,,,,,,,,,,,,,
,,,,,,,,,,,,,
,,,,,,,,,,,,,
,,,,,,,,,,,,,
,,,,,,,,,,,,,
,,,,,,,,,,,,,
,,,,,,,,,,,,,
,,,,,,,,,,,,,
,,,,,,,,,,,,,
,,,,,,,,,,,,,
,,,,,,,,,,,,,
,,,,,,,,,,,,,
,,,,,,,,,,,,,
,,,,,,,,,,,,,
,,,,,,,,,,,,,
,,,,,,,,,,,,,
,,,,,,,,,,,,,
,,,,,,,,,,,,,
,,,,,,,,,,,,,
,,,,,,,,,,,,,
,,,,,,,,,,,,,
,,,,,,,,,,,,,
,,,,,,,,,,,,,
,,,,,,,,,,,,,
,,,,,,,,,,,,,
,,,,,,,,,,,,,
,,,,,,,,,,,,,
,,,,,,,,,,,,,
,,,,,,,,,,,,,
,,,,,,,,,,,,,
,,,,,,,,,,,,,
,,,,,,,,,,,,,
,,,,,,,,,,,,,
,,,,,,,,,,,,,
,,,,,,,,,,,,,
,,,,,,,,,,,,,
,,,,,,,,,,,,,
,,,,,,,,,,,,,
,,,,,,,,,,,,,
,,,,,,,,,,,,,
,,,,,,,,,,,,,
,,,,,,,,,,,,,
,,,,,,,,,,,,,
,,,,,,,,,,,,,
,,,,,,,,,,,,,
,,,,,,,,,,,,,
,,,,,,,,,,,,,
,,,,,,,,,,,,,
,,,,,,,,,,,,,
,,,,,,,,,,,,,
,,,,,,,,,,,,,
,,,,,,,,,,,,,
,,,,,,,,,,,,,
,,,,,,,,,,,,,
,,,,,,,,,,,,,
,,,,,,,,,,,,,
,,,,,,,,,,,,,
,,,,,,,,,,,,,
,,,,,,,,,,,,,
,,,,,,,,,,,,,
,,,,,,,,,,,,,
,,,,,,,,,,,,,
,,,,,,,,,,,,,
,,,,,,,,,,,,,
,,,,,,,,,,,,,
,,,,,,,,,,,,,
,,,,,,,,,,,,,
,,,,,,,,,,,,,
,,,,,,,,,,,,,
,,,,,,,,,,,,,
,,,,,,,,,,,,,
,,,,,,,,,,,,,
,,,,,,,,,,,,,
,,,,,,,,,,,,,
,,,,,,,,,,,,,
,,,,,,,,,,,,,
,,,,,,,,,,,,,
,,,,,,,,,,,,,
,,,,,,,,,,,,,
,,,,,,,,,,,,,
,,,,,,,,,,,,,
,,,,,,,,,,,,,
,,,,,,,,,,,,,
,,,,,,,,,,,,,
,,,,,,,,,,,,,
,,,,,,,,,,,,,
,,,,,,,,,,,,,
,,,,,,,,,,,,,
,,,,,,,,,,,,,
,,,,,,,,,,,,,
,,,,,,,,,,,,,
,,,,,,,,,,,,,
,,,,,,,,,,,,,
,,,,,,,,,,,,,
,,,,,,,,,,,,,
,,,,,,,,,,,,,
,,,,,,,,,,,,,
,,,,,,,,,,,,,
,,,,,,,,,,,,,
,,,,,,,,,,,,,
,,,,,,,,,,,,,
,,,,,,,,,,,,,
,,,,,,,,,,,,,
,,,,,,,,,,,,,
,,,,,,,,,,,,,
,,,,,,,,,,,,,
,,,,,,,,,,,,,
,,,,,,,,,,,,,
,,,,,,,,,,,,,
,,,,,,,,,,,,,
,,,,,,,,,,,,,
,,,,,,,,,,,,,
,,,,,,,,,,,,,
,,,,,,,,,,,,,
,,,,,,,,,,,,,
,,,,,,,,,,,,,
,,,,,,,,,,,,,
,,,,,,,,,,,,,
,,,,,,,,,,,,,
,,,,,,,,,,,,,
,,,,,,,,,,,,,
,,,,,,,,,,,,,
,,,,,,,,,,,,,
,,,,,,,,,,,,,
,,,,,,,,,,,,,
,,,,,,,,,,,,,
,,,,,,,,,,,,,
,,,,,,,,,,,,,
,,,,,,,,,,,,,
,,,,,,,,,,,,,
,,,,,,,,,,,,,
,,,,,,,,,,,,,
,,,,,,,,,,,,,
,,,,,,,,,,,,,
,,,,,,,,,,,,,
,,,,,,,,,,,,,
,,,,,,,,,,,,,
,,,,,,,,,,,,,
,,,,,,,,,,,,,
,,,,,,,,,,,,,
,,,,,,,,,,,,,
,,,,,,,,,,,,,
,,,,,,,,,,,,,
,,,,,,,,,,,,,
,,,,,,,,,,,,,
,,,,,,,,,,,,,
,,,,,,,,,,,,,
,,,,,,,,,,,,,
,,,,,,,,,,,,,
,,,,,,,,,,,,,
,,,,,,,,,,,,,
,,,,,,,,,,,,,
,,,,,,,,,,,,,
,,,,,,,,,,,,,
,,,,,,,,,,,,,
,,,,,,,,,,,,,
,,,,,,,,,,,,,
,,,,,,,,,,,,,
,,,,,,,,,,,,,
,,,,,,,,,,,,,
,,,,,,,,,,,,,
,,,,,,,,,,,,,
,,,,,,,,,,,,,
,,,,,,,,,,,,,
,,,,,,,,,,,,,
,,,,,,,,,,,,,
,,,,,,,,,,,,,
,,,,,,,,,,,,,
,,,,,,,,,,,,,
,,,,,,,,,,,,,
,,,,,,,,,,,,,
,,,,,,,,,,,,,
,,,,,,,,,,,,,
,,,,,,,,,,,,,
,,,,,,,,,,,,,
,,,,,,,,,,,,,
,,,,,,,,,,,,,
,,,,,,,,,,,,,
,,,,,,,,,,,,,
,,,,,,,,,,,,,
,,,,,,,,,,,,,
,,,,,,,,,,,,,
,,,,,,,,,,,,,
,,,,,,,,,,,,,
,,,,,,,,,,,,,
,,,,,,,,,,,,,
,,,,,,,,,,,,,
,,,,,,,,,,,,,
,,,,,,,,,,,,,
,,,,,,,,,,,,,
,,,,,,,,,,,,,
,,,,,,,,,,,,,
,,,,,,,,,,,,,
,,,,,,,,,,,,,
,,,,,,,,,,,,,
,,,,,,,,,,,,,
,,,,,,,,,,,,,
,,,,,,,,,,,,,
,,,,,,,,,,,,,
,,,,,,,,,,,,,
,,,,,,,,,,,,,
,,,,,,,,,,,,,
,,,,,,,,,,,,,
,,,,,,,,,,,,,
,,,,,,,,,,,,,
,,,,,,,,,,,,,
,,,,,,,,,,,,,
,,,,,,,,,,,,,
,,,,,,,,,,,,,
,,,,,,,,,,,,,
,,,,,,,,,,,,,
,,,,,,,,,,,,,
,,,,,,,,,,,,,
,,,,,,,,,,,,,
,,,,,,,,,,,,,
,,,,,,,,,,,,,
,,,,,,,,,,,,,
,,,,,,,,,,,,,
,,,,,,,,,,,,,
,,,,,,,,,,,,,
,,,,,,,,,,,,,
,,,,,,,,,,,,,
,,,,,,,,,,,,,
,,,,,,,,,,,,,
,,,,,,,,,,,,,
,,,,,,,,,,,,,
,,,,,,,,,,,,,
,,,,,,,,,,,,,
,,,,,,,,,,,,,
,,,,,,,,,,,,,
,,,,,,,,,,,,,
,,,,,,,,,,,,,
,,,,,,,,,,,,,
,,,,,,,,,,,,,
,,,,,,,,,,,,,
,,,,,,,,,,,,,
,,,,,,,,,,,,,
,,,,,,,,,,,,,
,,,,,,,,,,,,,
,,,,,,,,,,,,,
,,,,,,,,,,,,,
,,,,,,,,,,,,,
,,,,,,,,,,,,,
,,,,,,,,,,,,,
,,,,,,,,,,,,,
,,,,,,,,,,,,,
,,,,,,,,,,,,,
,,,,,,,,,,,,,
,,,,,,,,,,,,,
,,,,,,,,,,,,,
,,,,,,,,,,,,,
,,,,,,,,,,,,,
,,,,,,,,,,,,,
,,,,,,,,,,,,,
,,,,,,,,,,,,,
,,,,,,,,,,,,,
,,,,,,,,,,,,,
,,,,,,,,,,,,,
,,,,,,,,,,,,,
,,,,,,,,,,,,,
,,,,,,,,,,,,,
,,,,,,,,,,,,,
,,,,,,,,,,,,,
,,,,,,,,,,,,,
,,,,,,,,,,,,,
,,,,,,,,,,,,,
,,,,,,,,,,,,,
,,,,,,,,,,,,,
,,,,,,,,,,,,,
,,,,,,,,,,,,,
,,,,,,,,,,,,,
,,,,,,,,,,,,,
,,,,,,,,,,,,,
